component	mode	passed	assertion_or_test_failures	setup_failures	errors	skipped
config	native	0	0	34	0	378
config	imported	105	7	11	0	266
config	reference	378	0	0	0	0
fault-tolerance	native	0	0	118	0	470
health	native	28	0	0	0	0
health	reference	28	0	0	0	0
openapi	native	344	0	0	0	0
openapi	reference	344	0	0	0	0
rest-client	native	31	0	55	0	196
rest-client	imported	132	18	17	0	77
rest-client	reference	214	0	0	0	13
jwt	native	41	34	36	0	139
telemetry-metrics	native	0	0	16	0	23
telemetry-logs	native	0	0	2	0	3
context-propagation	native	0	0	8	0	83
context-propagation	imported	11	71	1	0	1
reactive-streams	native	1269	0	0	0	679
reactive-messaging	native	0	0	64	0	0
telemetry-tracing	native	0	0	24	0	58
graphql	native	0	0	2	0	236
graphql	imported	0	0	2	0	236
graphql	reference	220	16	0	0	0
metrics-api	native	0	0	40	0	0
metrics-rest	native	0	0	4	0	0
metrics-optional	native	0	0	2	0	0
