81439-1790865634490	arrayConverterTest.war	STARTED	0001-fork-81439-1790865634490-arrayConverterTest.war
81481-1790865639151	customConfigSourceTest.war	STARTED	0001-fork-81481-1790865639151-customConfigSourceTest.war
81482-1790865640756	d25cbee1-caed-4356-acf0-3ab69523d5cb.war	STARTED	0001-fork-81482-1790865640756-d25cbee1-caed-4356-acf0-3ab69523d5cb.war
81484-1790865642494	CDIPropertyExpressionsTest.war	STARTED	0001-fork-81484-1790865642494-CDIPropertyExpressionsTest.war
81485-1790865644108	CDIPropertyNameMatchingTest.war	STARTED	0001-fork-81485-1790865644108-CDIPropertyNameMatchingTest.war
81490-1790865645932	cdiOptionalInjectionTest.war	STARTED	0001-fork-81490-1790865645932-cdiOptionalInjectionTest.war
81492-1790865647548	ClassConverterTest.war	STARTED	0001-fork-81492-1790865647548-ClassConverterTest.war
81493-1790865649200	ConfigPropertiesTest.war	STARTED	0001-fork-81493-1790865649200-ConfigPropertiesTest.war
81495-1790865650983	configProviderTest.war	STARTED	0001-fork-81495-1790865650983-configProviderTest.war
81497-1790865652581	ConfigValueTest.war	STARTED	0001-fork-81497-1790865652581-ConfigValueTest.war
81500-1790865654251	converterTest.war	STARTED	0001-fork-81500-1790865654251-converterTest.war
81502-1790865656346	customConfigSourceTest.war	STARTED	0001-fork-81502-1790865656346-customConfigSourceTest.war
81504-1790865658017	customConverterTest.war	STARTED	0001-fork-81504-1790865658017-customConverterTest.war
81511-1790865659768	implicitConverterTest.war	STARTED	0001-fork-81511-1790865659768-implicitConverterTest.war
81546-1790865661557	PropertyExpressionsTest.war	STARTED	0001-fork-81546-1790865661557-PropertyExpressionsTest.war
81621-1790865663602	configProviderTest.war	STARTED	0001-fork-81621-1790865663602-configProviderTest.war
81687-1790865665281	ConfigPropertiesTest.war	FAILED	0001-fork-81687-1790865665281-ConfigPropertiesTest.war
81750-1790865666824	missingConverterOnInstanceInjectionTest.war	FAILED	0001-fork-81750-1790865666824-missingConverterOnInstanceInjectionTest.war
81770-1790865668393	missingValueOnInstanceInjectionTest.war	FAILED	0001-fork-81770-1790865668393-missingValueOnInstanceInjectionTest.war
81771-1790865669844	missingValueOnObserverMethodInjectionTest.war	FAILED	0001-fork-81771-1790865669844-missingValueOnObserverMethodInjectionTest.war
81800-1790865671302	wrongConverterOnInstanceInjectionTest.war	FAILED	0001-fork-81800-1790865671302-wrongConverterOnInstanceInjectionTest.war
81809-1790865672766	DefaultConfigSourceOrdinalTest.war	STARTED	0001-fork-81809-1790865672766-DefaultConfigSourceOrdinalTest.war
81810-1790865674301	NullConvertersTest.war	STARTED	0001-fork-81810-1790865674301-NullConvertersTest.war
81816-1790865676080	ConvertedNullValueBrokenInjectionTest.war	FAILED	0001-fork-81816-1790865676080-ConvertedNullValueBrokenInjectionTest.war
81839-1790865677866	ConvertedNullValueTest.war	STARTED	0001-fork-81839-1790865677866-ConvertedNullValueTest.war
81844-1790865679592	4a02004d-4746-4e67-b191-936d06a0a4bd.war	FAILED	0001-fork-81844-1790865679592-4a02004d-4746-4e67-b191-936d06a0a4bd.war
81846-1790865681155	912b7405-4045-439c-9fed-089a1809e212.war	STARTED	0001-fork-81846-1790865681155-912b7405-4045-439c-9fed-089a1809e212.war
81847-1790865682872	ConfigPropertyFileProfileTest.war	STARTED	0001-fork-81847-1790865682872-ConfigPropertyFileProfileTest.war
81849-1790865684608	DevConfigProfileTest.war	STARTED	0001-fork-81849-1790865684608-DevConfigProfileTest.war
81885-1790865686271	InvalidConfigProfileTest.war	STARTED	0001-fork-81885-1790865686271-InvalidConfigProfileTest.war
81886-1790865687899	OverrideConfigProfileTest.war	STARTED	0001-fork-81886-1790865687899-OverrideConfigProfileTest.war
81888-1790865689631	ProdProfileTest.war	STARTED	0001-fork-81888-1790865689631-ProdProfileTest.war
81893-1790865691345	TestConfigProfileTest.war	STARTED	0001-fork-81893-1790865691345-TestConfigProfileTest.war
81894-1790865692955	TestConfigProfileTest.war	STARTED	0001-fork-81894-1790865692955-TestConfigProfileTest.war
