com.fasterxml.jackson.core:jackson-annotations:2.22	jackson-annotations-2.22.jar	21ddb598807d3a51a876704eb979d9296e1c6a6f47ab1826ff88c6d6a127a2d0
com.fasterxml.jackson.core:jackson-core:2.22.1	jackson-core-2.22.1.jar	941ff029bcdb93e83d209ce516c1a7fb8bbac07d0a2fa122f5bf194b2cd7b4f4
com.fasterxml.jackson.core:jackson-databind:2.22.1	jackson-databind-2.22.1.jar	7dcd7e53bec1f56c7ad278bd1ca0840bebcc595d61ce44d6a8439abb75b965b2
com.fasterxml.jackson.dataformat:jackson-dataformat-yaml:2.22.1	jackson-dataformat-yaml-2.22.1.jar	cc3a0e540791a9a1cbcd7584767b84572ffda0b72823856558f47dea69ae8ed1
com.github.javaparser:javaparser-core:3.28.2	javaparser-core-3.28.2.jar	b5499a3b1c40b16c0671fabe478c9aafeab38160c6fde74a6c13f42d86716ecd
com.github.javaparser:javaparser-symbol-solver-core:3.28.2	javaparser-symbol-solver-core-3.28.2.jar	4cb097c0834427939c01f4169dd0bab20068673913341c5b6db27be1a7445098
com.google.android:annotations:4.1.1.4	annotations-4.1.1.4.jar	ba734e1e84c09d615af6a09d33034b4f0442f8772dec120efb376d86a565ae15
com.google.code.findbugs:jsr305:3.0.2	jsr305-3.0.2.jar	766ad2a0783f2687962c8ad74ceecc38a28b9f72a2d085ee438b7813e928d0c7
com.google.code.gson:gson:2.11.0	gson-2.11.0.jar	57928d6e5a6edeb2abd3770a8f95ba44dce45f3b23b7a9dc2b309c581552a78b
com.google.errorprone:error_prone_annotations:2.48.0	error_prone_annotations-2.48.0.jar	b49c5c958316ed67a09c699dda9aa749caf434d51d863dea599ef36a49b9c855
com.google.guava:failureaccess:1.0.3	failureaccess-1.0.3.jar	cbfc3906b19b8f55dd7cfd6dfe0aa4532e834250d7f080bd8d211a3e246b59cb
com.google.guava:guava:33.5.0-android	guava-33.5.0-jre.jar	1e301f0c52ac248b0b14fdc3d12283c77252d4d6f48521d572e7d8c4c2cc4ac7
com.google.guava:listenablefuture:9999.0-empty-to-avoid-conflict-with-guava	listenablefuture-9999.0-empty-to-avoid-conflict-with-guava.jar	b372a037d4230aa57fbeffdef30fd6123f9c0c2db85d0aced00c91b974f33f99
com.google.j2objc:j2objc-annotations:3.1	j2objc-annotations-3.1.jar	84d3a150518485f8140ea99b8a985656749629f6433c92b80c75b36aba3b099b
com.ibm.async:asyncutil:0.1.0	asyncutil-0.1.0.jar	cb80a7a5cd1fef63c7ea4c9abbc5138e84136657c19d148879d22e28e144fe04
com.squareup.okio:okio-jvm:3.4.0	okio-jvm-3.4.0.jar	0139ec7a506dbbd54cad62291b019cb850534be097c8c66c1000d5fbe8edef3e
commons-codec:commons-codec:1.15	commons-codec-1.15.jar	b3e9f6d63a790109bf0d056611fbed1cf69055826defeb9894a71369d246ed63
commons-logging:commons-logging:1.2	commons-logging-1.2.jar	daddea1ea0be0f56978ab3006b8ac92834afeefbd9b7e4e6316fca57df0fa636
io.grpc:grpc-api:1.81.0	grpc-api-1.81.0.jar	3e6a659ba3edcdac730c857b27725e2e4d985c2241055e8326eb4fe0f9573d53
io.grpc:grpc-context:1.73.0	grpc-context-1.73.0.jar	d8d6911e225b55501692651272ce961ba5be1f76662ceb7f0aa79ecce8f63f25
io.grpc:grpc-core:1.73.0	grpc-core-1.73.0.jar	cffb55f1e7268e160647e88da142c09c6175ff72970c64f7cb411d78eb661663
io.grpc:grpc-okhttp:1.73.0	grpc-okhttp-1.73.0.jar	4f57308eb286d952701609f0ac804136668ad3f2d6b21541c4a00f56987bec75
io.grpc:grpc-stub:1.81.0	grpc-stub-1.81.0.jar	963e75cc63c3659ee8e4cb956436cefdd511761f4e85a674caeeb3052744e39d
io.grpc:grpc-util:1.73.0	grpc-util-1.73.0.jar	b7df6cbcc30b7a3219f06483a9a9d320a431beda8a1ace5b16d879f84112373f
io.helidon.builder:helidon-builder-api:4.5.5	helidon-builder-api-4.5.5.jar	337630cf078009404405e25c57629f3d1117842ce9e66f24f7ccc2dd3ceb10cf
io.helidon.common.concurrency:helidon-common-concurrency-limits:4.5.5	helidon-common-concurrency-limits-4.5.5.jar	1988a8cc8928044a3f72af9450c483a82c51a2d807e6413dddd07b96dd8a93e4
io.helidon.common.context:helidon-common-context-http:4.5.5	helidon-common-context-http-4.5.5.jar	9ea4dc2a8bbe2540c331c910def7949a1c92b26e482aa5a11b42a7c6022d32f6
io.helidon.common.features:helidon-common-features-api:4.5.5	helidon-common-features-api-4.5.5.jar	06e4e4edf1ea29bcb549f40aa0dad0bc682a3912642d9337a8f62fafb31f23b5
io.helidon.common.features:helidon-common-features-metadata:4.5.5	helidon-common-features-metadata-4.5.5.jar	e7a555a41538ebbd895cbc9d69da229169d343cfb7a78f272b3a54078444f641
io.helidon.common.features:helidon-common-features:4.5.5	helidon-common-features-4.5.5.jar	448987eae94b8ed7beedf626b96b86638db728af97f8d9164331ed57d264c34b
io.helidon.common:helidon-common-buffers:4.5.5	helidon-common-buffers-4.5.5.jar	3c3f55bf20f6bc7a9be21505c6395714e53764df62035ae179d65bed8be5da8c
io.helidon.common:helidon-common-config:4.5.5	helidon-common-config-4.5.5.jar	b3faed5bc73078e51574757e0ebac218fa0b899019678a4d3ebda1bb16d6353c
io.helidon.common:helidon-common-configurable:4.5.5	helidon-common-configurable-4.5.5.jar	9bd63b3f3596fca8eed269635685bc4c497014f13c5d0c4b45040d3e037d811d
io.helidon.common:helidon-common-context:4.5.5	helidon-common-context-4.5.5.jar	2392275feee0e551fa6dd7edc09271d30aea1a1badcd9fd9fac50a16f470c626
io.helidon.common:helidon-common-crypto:4.5.5	helidon-common-crypto-4.5.5.jar	ba8601021ed4c5777b063b603eab7e486f7200d7aeef9f184664d8e23833d2d0
io.helidon.common:helidon-common-key-util:4.5.5	helidon-common-key-util-4.5.5.jar	9f2c45c9246d6fe93b2fd901a797c36b5831b8248aeb43c54777b9daa1bdca1b
io.helidon.common:helidon-common-mapper:4.5.5	helidon-common-mapper-4.5.5.jar	ffad3a707b0611eb1515d5a7f536e2dd47401abd6ece8b4d73486053a110883e
io.helidon.common:helidon-common-media-type:4.5.5	helidon-common-media-type-4.5.5.jar	66f822701a84bfab32b492d1d6169b5bea9b0054944cdca14441cb0a3ba331bf
io.helidon.common:helidon-common-parameters:4.5.5	helidon-common-parameters-4.5.5.jar	a0f496ded066f4d6a55b18715807c5853e8db2b99af824b94b71646bbd0c160b
io.helidon.common:helidon-common-resumable:4.5.5	helidon-common-resumable-4.5.5.jar	f12e023a9d874e0204170a4dfea130c5c0b30a1f91488f7adae04dcca4555d3f
io.helidon.common:helidon-common-security:4.5.5	helidon-common-security-4.5.5.jar	418d9605cdc17e4b53300ce9570f02b2c33f899b38295904d9eeba8ee845688e
io.helidon.common:helidon-common-socket:4.5.5	helidon-common-socket-4.5.5.jar	ee396b0ce66940a49379460f9ab0fcf21a5ac78332ae9b6286e8761b10ca2e24
io.helidon.common:helidon-common-task:4.5.5	helidon-common-task-4.5.5.jar	0e8fd8f97a027c9a56436034ab21ba40ec29242842220c4ef7a2b368e7cb78a1
io.helidon.common:helidon-common-tls:4.5.5	helidon-common-tls-4.5.5.jar	7d0e58ccc43ac9e723ada80dada87b184d05c1c2c2fcaf04aacebb4cd0d484e4
io.helidon.common:helidon-common-types:4.5.5	helidon-common-types-4.5.5.jar	0abd69d36720e8be32356c6e39186e8a377785a08662e3c20a8641f9e366dc3b
io.helidon.common:helidon-common-uri:4.5.5	helidon-common-uri-4.5.5.jar	2308dc8052d2376f0d8aeead236eb401eebeb05165c730aaed7d1d68830cc67a
io.helidon.common:helidon-common:4.5.5	helidon-common-4.5.5.jar	4cd62c55680243bb535ba277152411d6ccd69e20b01f2ed855bf500d056673b1
io.helidon.config.metadata:helidon-config-metadata:4.5.5	helidon-config-metadata-4.5.5.jar	ca6dc341151d0531bd753962d045afcb95d297c30b640482c798f70986b7e9bd
io.helidon.config:helidon-config-encryption:4.5.5	helidon-config-encryption-4.5.5.jar	02c6e8c5e15a7e616a5f1e9d30ff6a8daee8ca7d971b77daa72474ca581c6ff6
io.helidon.config:helidon-config-mp:4.5.5	helidon-config-mp-4.5.5.jar	9f874dc206f08c8fe9f723d1438b8452535462becab9ffee306edf6f44f1231f
io.helidon.config:helidon-config-object-mapping:4.5.5	helidon-config-object-mapping-4.5.5.jar	40f0222ad139e820ab86c0407c904964fe659f7a8d222bfe1b16decd00393b47
io.helidon.config:helidon-config-yaml-mp:4.5.5	helidon-config-yaml-mp-4.5.5.jar	8bd5b22fa98a859373d0ec182ee0e60e843ed2a9168ca49447e5a44e15996f94
io.helidon.config:helidon-config-yaml:4.5.5	helidon-config-yaml-4.5.5.jar	566c1880a811fb1a95373ea9ecd3f01462f68dc38629aaceda38ee85771f98ff
io.helidon.config:helidon-config:4.5.5	helidon-config-4.5.5.jar	7997edc603e8dc16518e36cdfb729a993fdc54f81b80e94f876d1bc37a778838
io.helidon.cors:helidon-cors:4.5.5	helidon-cors-4.5.5.jar	8c4989e535dda620072cb9b2f1f2e0480819002ebce100da0d154ce4d1908d48
io.helidon.http.encoding:helidon-http-encoding:4.5.5	helidon-http-encoding-4.5.5.jar	b634ba36191c90c27973b3dd0b6ba8d4518b344ad0ef95e241fd6a4854cade34
io.helidon.http.media:helidon-http-media-jsonp:4.5.5	helidon-http-media-jsonp-4.5.5.jar	591e47bb04ba9ea85bad106f7dff6d041e6683d7b1b06e72ac459ec3bc27dc2a
io.helidon.http.media:helidon-http-media:4.5.5	helidon-http-media-4.5.5.jar	5d65e887ed66fbe202730a25ec1978b51010deee9e3b5d087441b4df8c243864
io.helidon.http:helidon-http-http1:4.5.5	helidon-http-http1-4.5.5.jar	a234cfa3d7370ffc8eca3a09d2084870621dc55e30e34a9145e4b65ca12a0a80
io.helidon.http:helidon-http:4.5.5	helidon-http-4.5.5.jar	ebfd7e2f2ffcf6658f3f65ff9d330a47d81a93e89161fe18e3cf871a12cdf4f7
io.helidon.jersey:helidon-jersey-common:4.5.5	helidon-jersey-common-4.5.5.jar	99b5c8082b376cb0e3d6c752fc90fac1527d1b5184c1993a09c1a4bcdc989818
io.helidon.jersey:helidon-jersey-media-jsonp:4.5.5	helidon-jersey-media-jsonp-4.5.5.jar	87583bf40d0a895c2fb6cec129485041abc0f47e0e914edd8bff43e8abf6c195
io.helidon.jersey:helidon-jersey-server:4.5.5	helidon-jersey-server-4.5.5.jar	8cd3a35f9953a9882f34115f5af23acf9d0b7d82c7a3cf25ba020d736f0de125
io.helidon.jersey:helidon-jersey-webserver:4.5.5	helidon-jersey-webserver-4.5.5.jar	78a9ec8e2bf399e4ef98993e18f5d4224d3265eb02821a23dcb672b358d80542
io.helidon.logging:helidon-logging-common:4.5.5	helidon-logging-common-4.5.5.jar	c00dca3ce37d1b27ddb2aa833f5b0d2ed9c83f8d9b7c42e93bf541b5a86e0651
io.helidon.metadata:helidon-metadata-hson:4.5.5	helidon-metadata-hson-4.5.5.jar	a4f351d0c206ee7da363cb751cd2620d7eae96229b7a186b5a6ebf35deacea38
io.helidon.metadata:helidon-metadata-reflection:4.5.5	helidon-metadata-reflection-4.5.5.jar	975cccd920823fe3ee3899330d4e6f6f4365d39faeae7d9268ddd533751d3056
io.helidon.metadata:helidon-metadata:4.5.5	helidon-metadata-4.5.5.jar	e2b602593a499436852d28a03616725f77be601c1616f3070a1fe7c7bf2d020f
io.helidon.metrics:helidon-metrics-api:4.5.5	helidon-metrics-api-4.5.5.jar	b9960bedfd90961b130ecb895abcfedf04e28d120e00c2d2456354928b5af95a
io.helidon.microprofile.cdi:helidon-microprofile-cdi:4.5.5	helidon-microprofile-cdi-4.5.5.jar	17fa0e5c1f7783132c06a945530c10837de52b02502a47be420b0692eb580c55
io.helidon.microprofile.config:helidon-microprofile-config:4.5.5	helidon-microprofile-config-4.5.5.jar	33a2e26ca9574c0e50d4d4453a702bc5d7991d35adbb1b6a53e3d3db5de4f13e
io.helidon.microprofile.server:helidon-microprofile-server:4.5.5	helidon-microprofile-server-4.5.5.jar	1cf2df6fa5657f5660c1f7b3ef79b39e0be9241022733ebb4b8d5c0841a8272e
io.helidon.microprofile.telemetry:helidon-microprofile-telemetry:4.5.5	helidon-microprofile-telemetry-4.5.5.jar	3eb7c2c12f8f6ac52287c9ea07c3116dc44f1352758769879022eddd6cd6888d
io.helidon.service:helidon-service-metadata:4.5.5	helidon-service-metadata-4.5.5.jar	f90aee24be2638690e0e0de7c4d2701707ed6f1896c788e4f11d68181c277b13
io.helidon.service:helidon-service-registry:4.5.5	helidon-service-registry-4.5.5.jar	e1b8e340e8fed6fe0139f03152d0f5fa0310aad41864baff0d37bd1d6fe47f97
io.helidon.telemetry:helidon-telemetry-opentelemetry-config:4.5.5	helidon-telemetry-opentelemetry-config-4.5.5.jar	9eec8d53805c83584235e4670c790b3fbc981d969ad8659d8fb24c795d8810bc
io.helidon.tracing.providers:helidon-tracing-providers-opentelemetry:4.5.5	helidon-tracing-providers-opentelemetry-4.5.5.jar	8fc7b0934db9452dee4aca2f919bd8c5eed3164087091eb37ddd0b480ebd3d93
io.helidon.tracing:helidon-tracing:4.5.5	helidon-tracing-4.5.5.jar	cf22d2966b6441f128105fe47d8dc70a9e2cc1352f2cc78c4757f5198fdb691e
io.helidon.webserver.observe:helidon-webserver-observe:4.5.5	helidon-webserver-observe-4.5.5.jar	949ce973b3e0b003adef0e2109e64856ea8394527f491dde9ca0c601ac5b33d7
io.helidon.webserver:helidon-webserver-context:4.5.5	helidon-webserver-context-4.5.5.jar	d8dfd9b1e495330af83157608721fb6430572f494172742f0dd875b747e2e5b7
io.helidon.webserver:helidon-webserver-cors:4.5.5	helidon-webserver-cors-4.5.5.jar	c004c134d6a656f42499626066db99999163b812de21c0bfadf0b53e253a655a
io.helidon.webserver:helidon-webserver-static-content:4.5.5	helidon-webserver-static-content-4.5.5.jar	d54406ae4af4d442c0eda0ae69d1cf7d8ad9b9e9eb6c9a69be5ceabf4fa08b6e
io.helidon.webserver:helidon-webserver:4.5.5	helidon-webserver-4.5.5.jar	f9e0af504a4dca575ecb1d42941c8da03e336fba71e073b033010360887f5dac
io.helidon:helidon:4.5.5	helidon-4.5.5.jar	18f62858ab84d0c0a7a54c8da425270ed5f66b047fe00c2fc8d10036dffa4b76
io.micronaut.cdi:micronaut-cdi-lang-model-ast:1.0.0-SNAPSHOT	micronaut-cdi-lang-model-ast-1.0.0-SNAPSHOT.jar	14426c5536e3f8787c8815345eba571e1fc7f3e294c5ca0ae8e513d7cfa9a7ea
io.micronaut.cdi:micronaut-cdi-metadata:1.0.0-SNAPSHOT	micronaut-cdi-metadata-1.0.0-SNAPSHOT.jar	ceef5bd1340e54e184202644b93b3cbb8bc51621900e291b7fd1091c56c26d52
io.micronaut.cdi:micronaut-cdi-processor:1.0.0-SNAPSHOT	micronaut-cdi-processor-1.0.0-SNAPSHOT.jar	659bbea00fe4d7f780daf66d75fc19f7cae150f546e793e5e74372954cd98da8
io.micronaut.cdi:micronaut-cdi-reflection:1.0.0-SNAPSHOT	micronaut-cdi-reflection-1.0.0-SNAPSHOT.jar	e6a09ae87f6440ecfaa7c293f3c86f3919af27076ddf34a84e11add5c68bb391
io.micronaut.cdi:micronaut-cdi:1.0.0-SNAPSHOT	micronaut-cdi-1.0.0-SNAPSHOT.jar	be52ccb5446814d5927ba4383ca2ca9117c5d5b4d1fe3b6ca7d2f13c63a6b8a6
io.micronaut.interceptor:micronaut-jakarta-interceptors-metadata:1.0.0-SNAPSHOT	micronaut-jakarta-interceptors-metadata-1.0.0-SNAPSHOT.jar	fd4612f2ac7363a7e15c1064ce37015668efbbf3262f53b808e85c6b0ba87bc9
io.micronaut.interceptor:micronaut-jakarta-interceptors-processor:1.0.0-SNAPSHOT	micronaut-jakarta-interceptors-processor-1.0.0-SNAPSHOT.jar	4e27bd030e0b05b57e4de5d44e896b17c2f7653bddebc73053599a052425d5ef
io.micronaut.interceptor:micronaut-jakarta-interceptors:1.0.0-SNAPSHOT	micronaut-jakarta-interceptors-1.0.0-SNAPSHOT.jar	e828a7f28a205b0f0112251c63cccd0b7eddeba7e3907a714439122e825c5218
io.micronaut.sourcegen:micronaut-sourcegen-bytecode-writer:2.1.0	micronaut-sourcegen-bytecode-writer-2.1.0.jar	bf691a3e6bf6c56fe9ae9ab3fbd3a9f5c8da06a60253cf198a6249dcbd066b4a
io.micronaut.sourcegen:micronaut-sourcegen-model:2.1.0	micronaut-sourcegen-model-2.1.0.jar	00c7bd1fece8676a64872a6d45b837e37519a2bd2e5b5734c9de7c0333bd0984
io.micronaut:micronaut-aop:5.3.0-SNAPSHOT	micronaut-aop-5.3.0-SNAPSHOT.jar	b2f37116272223e5ec1d753bb4dac75047e3eccb67917535fccaead5b530f773
io.micronaut:micronaut-context:5.3.0-SNAPSHOT	micronaut-context-5.3.0-SNAPSHOT.jar	80e0a630e6f6b0b39724bb6585f10e6176188af8ccd496f38998605835144215
io.micronaut:micronaut-core-processor:5.3.0-SNAPSHOT	micronaut-core-processor-5.3.0-SNAPSHOT.jar	1132c6498b6efeb52db7f9f845aaf0ba12b15659c9aec18b6a9cc2973bd70b27
io.micronaut:micronaut-core-reactive:5.3.0-SNAPSHOT	micronaut-core-reactive-5.3.0-SNAPSHOT.jar	821b926e2f6f3d6216ac09b7da0645535f4a55c9720e630996012c945748fcaa
io.micronaut:micronaut-core:5.3.0-SNAPSHOT	micronaut-core-5.3.0-SNAPSHOT.jar	287d48750f6349b2bae1d20801fcf2602c3394000e10488f1c9fb0b88f9cf131
io.micronaut:micronaut-inject-java:5.3.0-SNAPSHOT	micronaut-inject-java-5.3.0-SNAPSHOT.jar	7588c28bc3cdc2023365e6170e1afe380266cfa4365038be3c96395552b26f79
io.micronaut:micronaut-inject:5.3.0-SNAPSHOT	micronaut-inject-5.3.0-SNAPSHOT.jar	b479e76e5548293dad5b3646a2d9fe9eb1ef276d98c7969abc8791b2c2b0397f
io.micronaut:micronaut-reflection:5.3.0-SNAPSHOT	micronaut-reflection-5.3.0-SNAPSHOT.jar	558a88262cfd9599530f313ac4068f695f51cf9a3325e3e6c0e065c24ddd9dc1
io.opentelemetry.instrumentation:opentelemetry-instrumentation-annotations:2.27.0	opentelemetry-instrumentation-annotations-2.27.0.jar	5fb44897f9f1847d6f7d50f159a5d2eeba7f5ae2cc6b40a82957458ba3efd8f4
io.opentelemetry.semconv:opentelemetry-semconv:1.37.0	opentelemetry-semconv-1.37.0.jar	693ad6f04f29b4b593a04adef5f575d28b3a91ea3449ab5b1e1e2e5c6efc6cdc
io.opentelemetry:opentelemetry-api:1.62.0	opentelemetry-api-1.62.0.jar	d58143928c049233653e6bf1282ff8a767ebdd5e6a82b3f336158c30e40b431d
io.opentelemetry:opentelemetry-common:1.62.0	opentelemetry-common-1.62.0.jar	d6310bebde67d65c1519696728d8604005315ed08ab14071956fc0826fd71815
io.opentelemetry:opentelemetry-context:1.62.0	opentelemetry-context-1.62.0.jar	8ec86c3609222b9b6307bf40154c1f1c288d1f18ada0155409e7797adbdbe517
io.opentelemetry:opentelemetry-exporter-common:1.62.0	opentelemetry-exporter-common-1.62.0.jar	50f84b5b58048f69bd684ec874413944209995e01c177200555c151dabfe1ec9
io.opentelemetry:opentelemetry-exporter-otlp-common:1.62.0	opentelemetry-exporter-otlp-common-1.62.0.jar	79eaaaf044df15209ee1461b668f7c93547734a793d6cf6ad5e57290d3f8c0ea
io.opentelemetry:opentelemetry-exporter-otlp:1.62.0	opentelemetry-exporter-otlp-1.62.0.jar	59df47fdc4bef6866ed39eb6a04892c68e28d7938eaeaa21801ac5dd2dcb0d65
io.opentelemetry:opentelemetry-exporter-sender-grpc-managed-channel:1.62.0	opentelemetry-exporter-sender-grpc-managed-channel-1.62.0.jar	e01761e136674d3bab987d54cca2489eaa97b22a2fafc3a5841a125cda6f4e6b
io.opentelemetry:opentelemetry-exporter-sender-jdk:1.62.0	opentelemetry-exporter-sender-jdk-1.62.0.jar	f0e2ff79e950722b4358e15d3fcf63e2b237e1563347d7be8a8739508527b2d7
io.opentelemetry:opentelemetry-extension-trace-propagators:1.62.0	opentelemetry-extension-trace-propagators-1.62.0.jar	d301b26215e8f18553b62759d2c17493f321b8c74d9782841446ab8d2d716b9f
io.opentelemetry:opentelemetry-sdk-common:1.62.0	opentelemetry-sdk-common-1.62.0.jar	bf9d13df9a50e49a5db664ba8ebfad79f73f03219d2ac6f6709d432f6896eba0
io.opentelemetry:opentelemetry-sdk-extension-autoconfigure-spi:1.62.0	opentelemetry-sdk-extension-autoconfigure-spi-1.62.0.jar	220c22bcf420faae59b7225c789f572eaa22e7af2304d55508aaf2a3efcfecf8
io.opentelemetry:opentelemetry-sdk-extension-autoconfigure:1.62.0	opentelemetry-sdk-extension-autoconfigure-1.62.0.jar	4165984bdc3261486918a55815ae57d5e75ba08730d1e1ccf97908720659b619
io.opentelemetry:opentelemetry-sdk-logs:1.62.0	opentelemetry-sdk-logs-1.62.0.jar	51c94329bc8e335ed79027d29d49c075c11b91b39e48679edf590e784a392406
io.opentelemetry:opentelemetry-sdk-metrics:1.62.0	opentelemetry-sdk-metrics-1.62.0.jar	50b057fbf063f6801f623212f4b51b6a3fefc77837314a1316b2f54894c8b5d4
io.opentelemetry:opentelemetry-sdk-trace:1.62.0	opentelemetry-sdk-trace-1.62.0.jar	fb6c0953b229a6da1db813135ae11a621bf9da56b7356c1e93049ed4b088c232
io.opentelemetry:opentelemetry-sdk:1.62.0	opentelemetry-sdk-1.62.0.jar	99d421ea0e5a1ca8e45cb67f1d5db7f0e8a718dd55eeb86c1323597e1f10aed3
io.perfmark:perfmark-api:0.27.0	perfmark-api-0.27.0.jar	c7b478503ec524e55df19b424d46d27c8a68aeb801664fadd4f069b71f52d0f6
io.smallrye.common:smallrye-common-annotation:2.20.0	smallrye-common-annotation-2.20.0.jar	2a7d36f84c48b45a12843a06394519ae2679e1857fa21b55f76697865d2cad5a
io.smallrye.common:smallrye-common-classloader:2.20.0	smallrye-common-classloader-2.20.0.jar	fcf314eb2e4997610c8c03617f4e1811179ab9a58bc0745a9a8d2c5294d844ed
io.smallrye.common:smallrye-common-constraint:2.20.0	smallrye-common-constraint-2.20.0.jar	4469ff38d29e5c93b0af1f0e17d794c0ea91382aabaf796fc0e251f3a0bab3a3
io.smallrye.common:smallrye-common-expression:2.20.0	smallrye-common-expression-2.20.0.jar	04d62cdc531bdaa2d0eb2d8901e85c7dd69f2c68c5cb8e641407436334ae423a
io.smallrye.common:smallrye-common-function:2.20.0	smallrye-common-function-2.20.0.jar	55d4eaf7d9c914787e40db5ed7d19ff34fe52fe45e217b428c32103aaa142442
io.smallrye.config:smallrye-config-common:3.18.3	smallrye-config-common-3.18.3.jar	1570ecc219ac4d632232f290938dd9df0628c37a005a0a7fa52b2deae2d09339
io.smallrye.config:smallrye-config-core:3.18.3	smallrye-config-core-3.18.3.jar	bbc3302aeba08bc0e8934466a794526080cc51d699d32b497af8c2be85aed5de
io.smallrye.config:smallrye-config-microprofile:3.18.3	smallrye-config-microprofile-3.18.3.jar	0aa1743808f3f18dd1d9d4e376e53cf13be0586a0f562269844d4b91304159ae
io.smallrye.config:smallrye-config:3.18.3	smallrye-config-3.18.3.jar	5e139ce175ba6b4b01f50cab1026d632ade10725828ebed0b83f7468a21bd89f
io.smallrye.reactive:mutiny:3.0.1	mutiny-3.0.1.jar	eeba52b7168da603bfb78e8a3e48e222547c63d2585c4feed498406cac38154c
io.smallrye:jandex:3.6.0	jandex-3.6.0.jar	246c038ac0190fbe43e4a218344345f332b7a12543d499b47fa64b05f060a2a1
io.smallrye:smallrye-fault-tolerance-api:6.11.4	smallrye-fault-tolerance-api-6.11.4.jar	29aa3422168b927b8afa28958085b28d34d432eff0e17fe6daf05bb3e325eb27
io.smallrye:smallrye-fault-tolerance-apiimpl:6.11.4	smallrye-fault-tolerance-apiimpl-6.11.4.jar	4adf637027d5c45972fc611d5548f0dbcd415affc50f69f38bc1c11f1071e6f1
io.smallrye:smallrye-fault-tolerance-autoconfig-core:6.11.4	smallrye-fault-tolerance-autoconfig-core-6.11.4.jar	dbd918f6b0201c4ce22aadc30bee85c6f32d41e5b6ad80adc9788c6f63b354cc
io.smallrye:smallrye-fault-tolerance-core:6.11.4	smallrye-fault-tolerance-core-6.11.4.jar	896bac8341a5fe316f46af20cb01b791ff37f0966fcc0cf953fa2c98a0804814
io.smallrye:smallrye-fault-tolerance:6.11.4	smallrye-fault-tolerance-6.11.4.jar	7719195d5dfaed1a398b461a715e2bd57089e767db2b7a9e88908855ed05d4e1
io.smallrye:smallrye-health-api:4.3.0	smallrye-health-api-4.3.0.jar	a91809158320220877f436a9365ad61f98e0cfe53fa62d95d3eb5a88535dbc67
io.smallrye:smallrye-health:4.3.0	smallrye-health-4.3.0.jar	7c87ac1db8410ffc286a00e8eadeb60992c7edfa300178ebab0ecfd0781d3ec4
io.smallrye:smallrye-jwt-build:4.6.4	smallrye-jwt-build-4.6.4.jar	1dab2e251c048c3f552a5621052420c621517df41a1c12fffdb18a1982fb2865
io.smallrye:smallrye-jwt-common:4.6.4	smallrye-jwt-common-4.6.4.jar	5f2fd315d3a71a3d6c2441ed753d15f4d9bd804d67c396a8f78ce8e1c3f44811
io.smallrye:smallrye-jwt:4.6.4	smallrye-jwt-4.6.4.jar	ce59c4cc2765987cfe48132e4512d23c6f48959a8d803e0cee52d7371a814b5d
io.smallrye:smallrye-open-api-core:4.3.5	smallrye-open-api-core-4.3.5.jar	50111cab30ebbe56764eb540691966da68b93b8b757c1de07c078ba50f3f5153
io.smallrye:smallrye-open-api-jaxrs:4.3.5	smallrye-open-api-jaxrs-4.3.5.jar	e58aa27dc9866415d5399d740f4617ffc4540b2d777c990b338e602dd494357b
io.smallrye:smallrye-open-api-model:4.3.5	smallrye-open-api-model-4.3.5.jar	b2125cce1bb711ed486d4f274d8bf57460168c3c26da244a1401cfcd9cb0d169
jakarta.activation:jakarta.activation-api:2.1.3	jakarta.activation-api-2.1.3.jar	01b176d718a169263e78290691fc479977186bcc6b333487325084d6586f4627
jakarta.annotation:jakarta.annotation-api:3.0.0	jakarta.annotation-api-3.0.0.jar	b01f55552284cfb149411e64eabca75e942d26d2e1786b32914250e4330afaa2
jakarta.el:jakarta.el-api:6.0.1	jakarta.el-api-6.0.1.jar	7e84b5bed49de32b79cc5e85d90b6f5adb1a953ac67283adbb41c1e297f9c605
jakarta.enterprise:jakarta.enterprise.cdi-api:4.1.0	jakarta.enterprise.cdi-api-4.1.0.jar	c42c808f17925129a0800f618febe050d966e181a4c7384c8a5e7a0283d68699
jakarta.enterprise:jakarta.enterprise.cdi-el-api:4.1.0	jakarta.enterprise.cdi-el-api-4.1.0.jar	e414c05d2434386387914e38c7419fa77d163cbbd1e5b0fb2b480f26a63b6d77
jakarta.enterprise:jakarta.enterprise.lang-model:4.1.0	jakarta.enterprise.lang-model-4.1.0.jar	bb56f571f60d2862b2387d5468fe8f5540f8094727283ed991f89082708095ee
jakarta.inject:jakarta.inject-api:2.0.1	jakarta.inject-api-2.0.1.jar	f7dc98062fccf14126abb751b64fab12c312566e8cbdc8483598bffcea93af7c
jakarta.interceptor:jakarta.interceptor-api:2.2.0	jakarta.interceptor-api-2.2.0.jar	d240d72b4dd38a2e431c804079810010cb97903678fa5f987fb7434878b04398
jakarta.json:jakarta.json-api:2.1.3	jakarta.json-api-2.1.3.jar	bc934142805ea1d794f1440563965a3861a2a9fb7414ecd3fe44f26500734414
jakarta.validation:jakarta.validation-api:3.0.2	jakarta.validation-api-3.0.2.jar	291c25e6910cc6a7ebd96d4c6baebf6d7c37676c5482c2d96146e901b62c1fc9
jakarta.ws.rs:jakarta.ws.rs-api:3.1.0	jakarta.ws.rs-api-3.1.0.jar	6b3b3628b8b4aedda0d24c3354335e985497d8ef3c510b8f3028e920d5b8663d
jakarta.xml.bind:jakarta.xml.bind-api:3.0.1	jakarta.xml.bind-api-3.0.1.jar	b8fb4bee3ff5b5c1ef77144d8411316018d7bbd41fcf1ede0646f7978546b867
org.apache.httpcomponents:httpclient:4.5.14	httpclient-4.5.14.jar	c8bc7e1c51a6d4ce72f40d2ebbabf1c4b68bfe76e732104b04381b493478e9d6
org.apache.httpcomponents:httpcore:4.4.16	httpcore-4.4.16.jar	6c9b3dd142a09dc468e23ad39aad6f75a0f2b85125104469f026e52a474e464f
org.bitbucket.b_c:jose4j:0.9.7	jose4j-0.9.7.jar	f2da13ca454cb04af926b9d830fd429169e0198adbbbd0bd64f6ae94f7b3d3fb
org.checkerframework:checker-qual:3.55.1	checker-qual-3.55.1.jar	857658c8bdcbff794949a8d9922f88d63ee3751c203c7cd7d21ea97f9e745288
org.codehaus.mojo:animal-sniffer-annotations:1.27	animal-sniffer-annotations-1.27.jar	cfd7e51a828fe6b98bc0dbb99e34900c9e9012322cb9ddd57fd8dd0b02da5e27
org.eclipse.angus:angus-activation:2.0.2	angus-activation-2.0.2.jar	6dd3bcffc22bce83b07376a0e2e094e4964a3195d4118fb43e380ef35436cc1e
org.eclipse.microprofile.config:microprofile-config-api:3.1.1	microprofile-config-api-3.1.1.jar	0d4eaa7e17730e153b1e0613104a989af7d7a0d4ba4d19c84c71862bff993773
org.eclipse.microprofile.fault-tolerance:microprofile-fault-tolerance-api:4.1.2	microprofile-fault-tolerance-api-4.1.2.jar	76c351922cbac8098e28bdc0431513992ff2468f24eb3b2e8f4ce500d460dfcc
org.eclipse.microprofile.health:microprofile-health-api:4.0.1	microprofile-health-api-4.0.1.jar	b89ca4b6c4f7a044250d31c0673f6bc221e40fd669fc5871dbad5e5a0769ca47
org.eclipse.microprofile.jwt:microprofile-jwt-auth-api:2.1	microprofile-jwt-auth-api-2.1.jar	e81a237ecb81e4f360ed5e7928d42bf3eedd1d73fe3a343d65ed1578f5169bad
org.eclipse.microprofile.openapi:microprofile-openapi-api:4.1.1	microprofile-openapi-api-4.1.1.jar	1e333f5bd206245e7a4d0a3dd5f2bab1820fc3b950b77e96008fcdb7b77d9150
org.eclipse.microprofile.rest.client:microprofile-rest-client-api:4.0	microprofile-rest-client-api-4.0.jar	61cddc4934d3c8413386210a21c83325a54a0afcd7388ed708b7bd21d8fd3d7d
org.eclipse.parsson:jakarta.json:1.1.7	jakarta.json-1.1.7.jar	5905f52283a7491e06ba58556103d45c3199a42602abcd36d510ceda65490ff0
org.eclipse.parsson:parsson-media:1.1.7	parsson-media-1.1.7.jar	079bde048b635007c935f6ecd905ffd4248211e5465499ce833f8df8a84c20ad
org.eclipse.parsson:parsson:1.1.9	parsson-1.1.9.jar	03dc4dc834a928730d52a50952de0f30c35e0daf048889132be19ee1e5053a6c
org.glassfish.hk2.external:aopalliance-repackaged:3.0.6	aopalliance-repackaged-3.0.6.jar	a82b6d1a348324ef88dc807c7cd7aaf633985cbff7b30036fb61a1b86981d840
org.glassfish.hk2:hk2-api:3.0.6	hk2-api-3.0.6.jar	c049a21a9fd9316c7e291a2bc28835f70d25affb623dc1599a83b6b84ec83a4f
org.glassfish.hk2:hk2-locator:3.0.6	hk2-locator-3.0.6.jar	e2664d21b017c3aa1518b913264602bea604edc54d356103c10afba99abd04fc
org.glassfish.hk2:hk2-utils:3.0.6	hk2-utils-3.0.6.jar	fc84d85a0744b576d9ec7db5845eeb998ed532a9450dd19c8c922c3ee6926206
org.glassfish.hk2:osgi-resource-locator:1.0.3	osgi-resource-locator-1.0.3.jar	aab5d7849f7cfcda2cc7c541ba1bd365151d42276f151c825387245dfde3dd74
org.glassfish.jersey.core:jersey-client:3.1.11	jersey-client-3.1.11.jar	9f0f532a6babb530f4c7d6fc4f452b996a97aa7c34248bf249eea8a2ce639758
org.glassfish.jersey.core:jersey-common:3.1.11	jersey-common-3.1.11.jar	ec516d7c2fdcfcd7eb7739eacf3cd6914e17a1595fd45826b33c8765965981b2
org.glassfish.jersey.core:jersey-server:3.1.11	jersey-server-3.1.11.jar	7dde2adf6600f3e8f723e37a8c96c31838a682f8db854fdcfcf4f00695d6f903
org.glassfish.jersey.ext.cdi:jersey-cdi1x:3.1.11	jersey-cdi1x-3.1.11.jar	09920e11a5696626da08849e0ebbaf31cc96f8824ebe5ea008810e9fe1cf0a0c
org.glassfish.jersey.ext.cdi:jersey-weld2-se:3.1.11	jersey-weld2-se-3.1.11.jar	140c3deef34857a732f130cd12ca2430def5154d495325820b12087be26e7755
org.glassfish.jersey.inject:jersey-hk2:3.1.11	jersey-hk2-3.1.11.jar	faeee985d70b8223a9eb22baabf579d9f860141716efcaf74b0a252a63959fc3
org.glassfish.jersey.media:jersey-media-json-processing:3.1.11	jersey-media-json-processing-3.1.11.jar	40fb787a7cfaa053f7521303e2812db6b0884f8a2fd70b2f7ec674c80dfddb73
org.javassist:javassist:3.30.2-GA	javassist-3.30.2-GA.jar	eba37290994b5e4868f3af98ff113f6244a6b099385d9ad46881307d3cb01aaf
org.jboss.classfilewriter:jboss-classfilewriter:1.3.1.Final	jboss-classfilewriter-1.3.1.Final.jar	e2dfa7ed7124e055b13aad0b578b8153ea953edc74ca8acfcc41f9e468980731
org.jboss.jdeparser:jdeparser:2.0.3.Final	jdeparser-2.0.3.Final.jar	aec3ed49b47cb7531e2f88c603eecdc5f5b46ae976d72624162d23ee7fca3803
org.jboss.logging:jboss-logging-annotations:3.0.4.Final	jboss-logging-annotations-3.0.4.Final.jar	16bb023044398307eb85c18271131c57ddebf7fb053f0490fdb253e5b84ddfb2
org.jboss.logging:jboss-logging-processor:3.0.4.Final	jboss-logging-processor-3.0.4.Final.jar	27eb5f1cc9522e619cd5d29d0b7aac016019be653e07da22ead7832e76cd9354
org.jboss.logging:jboss-logging:3.6.3.Final	jboss-logging-3.6.3.Final.jar	7c12ee575508f81e22b1db9334b969d0ec54ef0fd1dcba24eeab1a44235fc366
org.jboss.resteasy.microprofile:microprofile-rest-client-base:3.0.1.Final	microprofile-rest-client-base-3.0.1.Final.jar	b1aa306a3a581b3d2d8ba1f624fb06edbcdff708cf1ee66948f00d56716dcf2a
org.jboss.resteasy.microprofile:microprofile-rest-client:3.0.1.Final	microprofile-rest-client-3.0.1.Final.jar	7cc180d25618ab10641588b7e50b67049782a7f0822e476f0cd356ca3c2e9a00
org.jboss.resteasy:resteasy-client-api:6.2.11.Final	resteasy-client-api-6.2.11.Final.jar	374d54429f147bc81cd64579372d9933087db6411b1ad37907eabf331061ef87
org.jboss.resteasy:resteasy-client:6.2.11.Final	resteasy-client-6.2.11.Final.jar	e90e11a3b06d350e18ef5bea1ef459cee89f0c4de76e720c642b2d675b2673b0
org.jboss.resteasy:resteasy-core-spi:6.2.11.Final	resteasy-core-spi-6.2.11.Final.jar	c6070aa74f0945840e22df4e5915efccc7aba0a2f24414e1db645d97a2133fd6
org.jboss.resteasy:resteasy-core:6.2.11.Final	resteasy-core-6.2.11.Final.jar	9668c60d2e683404ac13a91212a1e54dc7a6b19f0e247178e36531955c802cdb
org.jboss.weld.environment:weld-environment-common:6.0.4.Final	weld-environment-common-6.0.4.Final.jar	783cb7a2c1b61b9f2ba890c8add44300ab8151cd0ca3faeab5ba8a6589c5f889
org.jboss.weld.se:weld-se-core:6.0.4.Final	weld-se-core-6.0.4.Final.jar	66f3c737f1ef52250eeaa0640e7fd1aecd3e904cd15ac1bb3ef26f25673847ad
org.jboss.weld:weld-api:6.0.Final	weld-api-6.0.Final.jar	aba82109aafec7d6c3846049536a89bf77afbbe61bf96eb039321ca3f92fa7be
org.jboss.weld:weld-core-impl:6.0.4.Final	weld-core-impl-6.0.4.Final.jar	e322097d319bda685cc3adacf122d89348561e6212a250603b893bc6e23f5711
org.jboss.weld:weld-lite-extension-translator:6.0.4.Final	weld-lite-extension-translator-6.0.4.Final.jar	e3b863719b82192178af76b2f22bafd8522eaca5be5994b4d8b749831b35393c
org.jboss.weld:weld-spi:6.0.Final	weld-spi-6.0.Final.jar	208638fa4b47694374b484a525319b5dbbe53a4bc399acabc8556774e47ad923
org.jboss:jandex:2.4.5.Final	jandex-2.4.5.Final.jar	70a283bcf11a82b14c20d1a9be731d301aedfd98be1b4c0f5b35fe60b305caff
org.jctools:jctools-core:4.0.5	jctools-core-4.0.5.jar	d65e5f38bcd0984e26f87187687f1f70dd52740c4d5e046f8d104e01ab5db95f
org.jetbrains.kotlin:kotlin-stdlib-jdk7:2.4.10	kotlin-stdlib-jdk7-2.4.10.jar	e7a8fe7cacf3b9c838f6b3fcb26dfdd41f844551a3ba67fd3f959a0d9d5c0bef
org.jetbrains.kotlin:kotlin-stdlib-jdk8:2.4.10	kotlin-stdlib-jdk8-2.4.10.jar	08346b7f4cfba40c1139161c9f30b68199f425cecf3b63de67838063f34a05c7
org.jetbrains.kotlin:kotlin-stdlib:2.4.10	kotlin-stdlib-2.4.10.jar	4ec0293bc3751423b203f1d8493251c57c42e73eb6377a6b8560d0974ff0a6df
org.jetbrains:annotations:13.0	annotations-13.0.jar	ace2a10dc8e2d5fd34925ecac03e4988b2c0f851650c94b8cef49ba1bd111478
org.jspecify:jspecify:1.0.0	jspecify-1.0.0.jar	1fad6e6be7557781e4d33729d49ae1cdc8fdda6fe477bb0cc68ce351eafdfbab
org.junit.jupiter:junit-jupiter-api:5.14.4	junit-jupiter-api-5.14.4.jar	aa1ae085fd92dfdbf85d867e60e59adc599bac183b46fc7e0698198bf426ad3f
org.junit.jupiter:junit-jupiter-engine:5.14.4	junit-jupiter-engine-5.14.4.jar	e1e35cf651ae1635638d431ea4412d5c65938be54150444f07ba659586042b11
org.junit.jupiter:junit-jupiter-params:5.14.4	junit-jupiter-params-5.14.4.jar	28f2a8dab5b9d259b18fa6b0ba5a6f302cbc70dd875f42032ea9e3afea09a870
org.junit.jupiter:junit-jupiter:5.14.4	junit-jupiter-5.14.4.jar	a573c9a99af73e1889d1d3ed7e12067c85cff6a821b96a1916e5ccccc375ae58
org.junit.platform:junit-platform-commons:1.14.4	junit-platform-commons-1.14.4.jar	55c8a0c069ac1bc4e1f8bbb26b5eae95cbd10e4ff1b23248441ab61a607381e1
org.junit.platform:junit-platform-engine:1.14.4	junit-platform-engine-1.14.4.jar	3c7f3f84a6747aef0db6bd5fdd2a6c8fe37132e653c939bd67387377af66d91c
org.junit.platform:junit-platform-launcher:1.14.4	junit-platform-launcher-1.14.4.jar	768d62f1b2a523713b702db53609c230af62bbd645fc2c07a7d794df4da32228
org.opentest4j:opentest4j:1.3.0	opentest4j-1.3.0.jar	48e2df636cab6563ced64dcdff8abb2355627cb236ef0bf37598682ddf742f1b
org.ow2.asm:asm-analysis:9.10.1	asm-analysis-9.10.1.jar	dede75a21306b65974ecd8f87114ff6970f09fb794157a4ca09ab25c888c2bfc
org.ow2.asm:asm-commons:9.10.1	asm-commons-9.10.1.jar	6d0abefb7cbf972ea16edb37ec14835372505063a45f976ab7ea889ed9497895
org.ow2.asm:asm-tree:9.10.1	asm-tree-9.10.1.jar	3dfb0d5b6a106cd40b5b250e39935fbf2f927f4477546a5369a3ac609cf0506b
org.ow2.asm:asm-util:9.10.1	asm-util-9.10.1.jar	1bb99d091fba2597dc6d51193e9bbcf0d8447e7ed96bd8f0198b18152f09655c
org.ow2.asm:asm:9.10.1	asm-9.10.1.jar	ed825d10ab1399c8c0cb669e688cf0c8c82629b4c8399b58352b68e92ca10fcb
org.reactivestreams:reactive-streams:1.0.4	reactive-streams-1.0.4.jar	f75ca597789b3dac58f61857b9ac2e1034a68fa672db35055a8fb4509e325f28
org.slf4j:slf4j-api:2.0.17	slf4j-api-2.0.17.jar	7b751d952061954d5abfed7181c1f645d336091b679891591d63329c622eb832
org.yaml:snakeyaml:2.6	snakeyaml-2.6.jar	c8f7a98e7394adda02f6317249710e4d1b4c7a25aa8c7eace0c2eea52eb8bf85
