64938-1790863775484	CDIProducedProceduresTest.war	STARTED	0001-fork-64938-1790863775484-CDIProducedProceduresTest.war
64942-1790863777333	ConfigTest.war	STARTED	0001-fork-64942-1790863777333-ConfigTest.war
64953-1790863779121	DelayedCheckTest.war	STARTED	0001-fork-64953-1790863779121-DelayedCheckTest.war
64967-1790863786956	DelegateHealthSuccessfulTest.war	STARTED	0001-fork-64967-1790863786956-DelegateHealthSuccessfulTest.war
65010-1790863788681	EnforceQualifierTest.war	STARTED	0001-fork-65010-1790863788681-EnforceQualifierTest.war
65012-1790863790411	HealthCheckResponseAttributesTest.war	STARTED	0001-fork-65012-1790863790411-HealthCheckResponseAttributesTest.war
65034-1790863792698	HealthCheckResponseValidationTest.war	STARTED	0001-fork-65034-1790863792698-HealthCheckResponseValidationTest.war
65053-1790863794600	JsonSchemaValidationTest.war	STARTED	0001-fork-65053-1790863794600-JsonSchemaValidationTest.war
65056-1790863796441	MultipleLivenessFailedTest.war	STARTED	0001-fork-65056-1790863796441-MultipleLivenessFailedTest.war
65060-1790863798193	MultipleProceduresFailedTest.war	STARTED	0001-fork-65060-1790863798193-MultipleProceduresFailedTest.war
65061-1790863799939	MultipleReadinessFailedTest.war	STARTED	0001-fork-65061-1790863799939-MultipleReadinessFailedTest.war
65067-1790863801875	MultipleStartupFailedTest.war	STARTED	0001-fork-65067-1790863801875-MultipleStartupFailedTest.war
65075-1790863803681	NoProcedureSuccessfulTest.war	STARTED	0001-fork-65075-1790863803681-NoProcedureSuccessfulTest.war
65077-1790863805329	OnlySuccessfulProcedureTest.war	STARTED	0001-fork-65077-1790863805329-OnlySuccessfulProcedureTest.war
65078-1790863807061	SingleLivenessFailedTest.war	STARTED	0001-fork-65078-1790863807061-SingleLivenessFailedTest.war
65079-1790863808855	SingleLivenessSuccessfulTest.war	STARTED	0001-fork-65079-1790863808855-SingleLivenessSuccessfulTest.war
65085-1790863810648	SingleReadinessFailedTest.war	STARTED	0001-fork-65085-1790863810648-SingleReadinessFailedTest.war
65096-1790863812389	SingleReadinessSuccessfulTest.war	STARTED	0001-fork-65096-1790863812389-SingleReadinessSuccessfulTest.war
65097-1790863814111	SingleStartupFailedTest.war	STARTED	0001-fork-65097-1790863814111-SingleStartupFailedTest.war
65100-1790863815904	SingleStartupSuccessfulTest.war	STARTED	0001-fork-65100-1790863815904-SingleStartupSuccessfulTest.war
