source	missing-injection	REJECT	REJECT	MATCH
source	ambiguous-injection	REJECT	REJECT	MATCH
source	missing-observer-injection	REJECT	REJECT	MATCH
source	missing-disposer-injection	REJECT	REJECT	MATCH
source	duplicate-bean-name	REJECT	REJECT	MATCH
source	prefix-bean-name	REJECT	REJECT	MATCH
source	two-scopes	REJECT	REJECT	MATCH
source	two-inject-constructors	REJECT	REJECT	MATCH
source	inject-final-field	REJECT	REJECT	MATCH
source	inject-static-field	OK:null	OK:null	MATCH
source	inject-static-initializer	OK:set=false	OK:set=false	MATCH
source	inject-generic-initializer	REJECT	REJECT	MATCH
source	inject-abstract-initializer	OK:ok	OK:ok	MATCH
source	inject-type-variable	REJECT	REJECT	MATCH
source	producer-void	ACCEPT	REJECT	DIFF
source	producer-wildcard	REJECT	REJECT	MATCH
source	producer-generic-normal	REJECT	REJECT	MATCH
source	producer-inject	REJECT	REJECT	MATCH
source	producer-observer-param	REJECT	REJECT	MATCH
source	producer-disposes-param	REJECT	REJECT	MATCH
source	disposer-no-producer	REJECT	REJECT	MATCH
source	disposer-two-params	REJECT	REJECT	MATCH
source	disposer-observes-param	REJECT	REJECT	MATCH
source	disposer-inject	REJECT	REJECT	MATCH
source	observer-two-params	REJECT	REJECT	MATCH
source	observer-both-kinds	REJECT	REJECT	MATCH
source	observer-inject	REJECT	REJECT	MATCH
source	observer-conditional-dependent	REJECT	REJECT	MATCH
source	normal-final-class	ACCEPT	ACCEPT	MATCH
source	normal-final-method	REJECT	REJECT	MATCH
source	normal-no-noarg	OK:ok	REJECT	DIFF
source	normal-public-field	REJECT	REJECT	MATCH
source	interceptor-access-public	OK:Itarget	OK:Itarget	MATCH
source	interceptor-access-protected	OK:Itarget	OK:Itarget	MATCH
source	interceptor-access-private	OK:Itarget	OK:Itarget	MATCH
source	interceptor-access-package	OK:Itarget	OK:Itarget	MATCH
source	interceptor-invalid-static-Object	OK:null	REJECT	DIFF
source	interceptor-invalid-final-Object	OK:null	REJECT	DIFF
source	interceptor-invalid-String	REJECT	REJECT	MATCH
source	interceptor-invalid-void	REJECT	REJECT	MATCH
source	interceptor-two-methods	REJECT	REJECT	MATCH
source	interceptor-no-binding	ACCEPT	ACCEPT	MATCH
source	target-around-construct	OK:target	OK:target	MATCH
source	target-self-around-invoke	OK:selftarget	OK:selftarget	MATCH
source	normal-null-producer	ERROR:IllegalProductException	ERROR:IllegalProductException	MATCH
source	primitive-null-producer	OK:n=0	OK:n=0	MATCH
source	generic-array-lookup	OK:[[produced]]	OK:[[produced]]	MATCH
source	raw-wildcard-lookup	OK:unsatisfied=true	OK:unsatisfied=true	MATCH
source	raw-supertype-lookup	OK:unsatisfied=true	OK:unsatisfied=true	MATCH
source	lifecycle-override-public	OK:[]	OK:[]	MATCH
source	lifecycle-override-protected	OK:[]	OK:[]	MATCH
source	lifecycle-override-private	OK:[base]	OK:[base]	MATCH
source	lifecycle-override-package	OK:[]	OK:[]	MATCH
source	observer-override-public	OK:heard=0	OK:heard=0	MATCH
source	observer-override-protected	OK:heard=0	OK:heard=0	MATCH
source	observer-override-private	OK:heard=100	OK:heard=1	DIFF
source	observer-override-package	OK:heard=0	OK:heard=0	MATCH
source	binding-inheritance-false-override-false	OK:target	OK:target	MATCH
source	binding-method-override-false-override-false	OK:B[target]	OK:B[target]	MATCH
source	binding-inheritance-false-override-true	OK:target	OK:target	MATCH
source	binding-method-override-false-override-true	OK:A[target]	OK:A[target]	MATCH
source	binding-inheritance-true-override-false	OK:A[target]	OK:A[target]	MATCH
source	binding-method-override-true-override-false	OK:B[target]	OK:B[target]	MATCH
source	binding-inheritance-true-override-true	OK:A[target]	OK:A[target]	MATCH
source	binding-method-override-true-override-true	OK:A[target]	OK:A[target]	MATCH
source	lifecycle-interceptor-void	OK:[construct-before:true, return-null:true, construct-after:true, init-before, target-init, init-return-null:true, ping, destroy-before, target-destroy]	OK:[construct-before:true, return-null:true, construct-after:true, init-before, target-init, init-return-null:true, ping, destroy-before, target-destroy]	MATCH
source	lifecycle-interceptor-Object	OK:[construct-before:true, return-null:true, construct-after:true, init-before, target-init, init-return-null:true, ping, destroy-before, target-destroy]	OK:[construct-before:true, return-null:true, construct-after:true, init-before, target-init, init-return-null:true, ping, destroy-before, target-destroy]	MATCH
source	proceed-twice-failure-false	OK:Btarget2	OK:Btarget2	MATCH
source	proceed-twice-failure-true	OK:Btarget2	OK:Btarget2	MATCH
