com.beust:jcommander:1.82	jcommander-1.82.jar	deeac157c8de6822878d85d0c7bc8467a19cc8484d37788f7804f039dde280b1
com.github.javaparser:javaparser-core:3.28.2	javaparser-core-3.28.2.jar	b5499a3b1c40b16c0671fabe478c9aafeab38160c6fde74a6c13f42d86716ecd
com.github.javaparser:javaparser-symbol-solver-core:3.28.2	javaparser-symbol-solver-core-3.28.2.jar	4cb097c0834427939c01f4169dd0bab20068673913341c5b6db27be1a7445098
commons-codec:commons-codec:1.11	commons-codec-1.11.jar	e599d5318e97aa48f42136a2927e6dfa4e8881dff0e6c8e3109ddbbff51d7b7d
commons-io:commons-io:2.5	commons-io-2.5.jar	a10418348d234968600ccb1d988efcbbd08716e1d96936ccc1880e7d22513474
commons-logging:commons-logging:1.2	commons-logging-1.2.jar	daddea1ea0be0f56978ab3006b8ac92834afeefbd9b7e4e6316fca57df0fa636
io.micrometer:micrometer-commons:1.11.4	micrometer-commons-1.11.4.jar	93c4da01a63f264197ff91cd7bb81cbc43896a5eb0d2a693eb60e0f6756ed08d
io.micrometer:micrometer-core:1.11.4	micrometer-core-1.11.4.jar	52ea36c84748228f4c31358ac9f3431f51674cd436dc5f24fa284b7579588e59
io.micrometer:micrometer-observation:1.11.4	micrometer-observation-1.11.4.jar	b456792a32590ab442de8183b29d967523c46f34cc15daf5cd020db8b342722b
io.micronaut.cdi:micronaut-cdi-lang-model-ast:1.0.0-SNAPSHOT	micronaut-cdi-lang-model-ast-1.0.0-SNAPSHOT.jar	14426c5536e3f8787c8815345eba571e1fc7f3e294c5ca0ae8e513d7cfa9a7ea
io.micronaut.cdi:micronaut-cdi-metadata:1.0.0-SNAPSHOT	micronaut-cdi-metadata-1.0.0-SNAPSHOT.jar	ceef5bd1340e54e184202644b93b3cbb8bc51621900e291b7fd1091c56c26d52
io.micronaut.cdi:micronaut-cdi-processor:1.0.0-SNAPSHOT	micronaut-cdi-processor-1.0.0-SNAPSHOT.jar	659bbea00fe4d7f780daf66d75fc19f7cae150f546e793e5e74372954cd98da8
io.micronaut.cdi:micronaut-cdi-reflection:1.0.0-SNAPSHOT	micronaut-cdi-reflection-1.0.0-SNAPSHOT.jar	e6a09ae87f6440ecfaa7c293f3c86f3919af27076ddf34a84e11add5c68bb391
io.micronaut.cdi:micronaut-cdi:1.0.0-SNAPSHOT	micronaut-cdi-1.0.0-SNAPSHOT.jar	098a7b99e7d1731ccc327af11ff82412b218fb19ef2512342a5a2860637c033a
io.micronaut.cdi:micronaut-microprofile-tck-support:1.0.0-SNAPSHOT	micronaut-microprofile-tck-support-1.0.0-SNAPSHOT.jar	662899cbd6365bfc74a0cb8a6186f4001afe16dd3ffb5a7654e0d097a8b63e08
io.micronaut.interceptor:micronaut-jakarta-interceptors-metadata:1.0.0-SNAPSHOT	micronaut-jakarta-interceptors-metadata-1.0.0-SNAPSHOT.jar	fd4612f2ac7363a7e15c1064ce37015668efbbf3262f53b808e85c6b0ba87bc9
io.micronaut.interceptor:micronaut-jakarta-interceptors-processor:1.0.0-SNAPSHOT	micronaut-jakarta-interceptors-processor-1.0.0-SNAPSHOT.jar	4e27bd030e0b05b57e4de5d44e896b17c2f7653bddebc73053599a052425d5ef
io.micronaut.interceptor:micronaut-jakarta-interceptors:1.0.0-SNAPSHOT	micronaut-jakarta-interceptors-1.0.0-SNAPSHOT.jar	e828a7f28a205b0f0112251c63cccd0b7eddeba7e3907a714439122e825c5218
io.micronaut.sourcegen:micronaut-sourcegen-bytecode-writer:2.1.0	micronaut-sourcegen-bytecode-writer-2.1.0.jar	bf691a3e6bf6c56fe9ae9ab3fbd3a9f5c8da06a60253cf198a6249dcbd066b4a
io.micronaut.sourcegen:micronaut-sourcegen-model:2.1.0	micronaut-sourcegen-model-2.1.0.jar	00c7bd1fece8676a64872a6d45b837e37519a2bd2e5b5734c9de7c0333bd0984
io.micronaut:micronaut-aop:5.3.0-SNAPSHOT	micronaut-aop-5.3.0-SNAPSHOT.jar	b2f37116272223e5ec1d753bb4dac75047e3eccb67917535fccaead5b530f773
io.micronaut:micronaut-context:5.3.0-SNAPSHOT	micronaut-context-5.3.0-SNAPSHOT.jar	80e0a630e6f6b0b39724bb6585f10e6176188af8ccd496f38998605835144215
io.micronaut:micronaut-core-processor:5.3.0-SNAPSHOT	micronaut-core-processor-5.3.0-SNAPSHOT.jar	8e7d112fa6b86512aabb02f87d8708012886d27f5091e5ddf03164df5592706e
io.micronaut:micronaut-core-reactive:5.3.0-SNAPSHOT	micronaut-core-reactive-5.3.0-SNAPSHOT.jar	821b926e2f6f3d6216ac09b7da0645535f4a55c9720e630996012c945748fcaa
io.micronaut:micronaut-core:5.3.0-SNAPSHOT	micronaut-core-5.3.0-SNAPSHOT.jar	287d48750f6349b2bae1d20801fcf2602c3394000e10488f1c9fb0b88f9cf131
io.micronaut:micronaut-inject-java:5.3.0-SNAPSHOT	micronaut-inject-java-5.3.0-SNAPSHOT.jar	7588c28bc3cdc2023365e6170e1afe380266cfa4365038be3c96395552b26f79
io.micronaut:micronaut-inject:5.3.0-SNAPSHOT	micronaut-inject-5.3.0-SNAPSHOT.jar	c83d5bb20f2319761fc2bf19ca7fa3f42994c1a7cc476a8acd67340166077a5a
io.micronaut:micronaut-reflection:5.3.0-SNAPSHOT	micronaut-reflection-5.3.0-SNAPSHOT.jar	558a88262cfd9599530f313ac4068f695f51cf9a3325e3e6c0e065c24ddd9dc1
io.rest-assured:json-path:6.0.1	json-path-6.0.1.jar	210434ac4332a864ed5ddc0ace9fd4c4c0ea03cb92a70dca2827b5037c87c665
io.rest-assured:rest-assured-common:6.0.1	rest-assured-common-6.0.1.jar	cdd462c9b3a1de0517a849b1bbf786829ad24c1ff8e50686f9bf53f25bb34924
io.rest-assured:rest-assured:6.0.1	rest-assured-6.0.1.jar	2a18e0bf45c6d16d642bba7258b03ad22db959eb8ab843f7812ed975ad3266b2
io.rest-assured:xml-path:6.0.1	xml-path-6.0.1.jar	4398e2ea996be2289d3352fef4e9030ad1f2f3842a4bd0c5ecd57a4b4f302f94
io.smallrye.common:smallrye-common-annotation:2.20.0	smallrye-common-annotation-2.20.0.jar	2a7d36f84c48b45a12843a06394519ae2679e1857fa21b55f76697865d2cad5a
io.smallrye.common:smallrye-common-classloader:2.20.0	smallrye-common-classloader-2.20.0.jar	fcf314eb2e4997610c8c03617f4e1811179ab9a58bc0745a9a8d2c5294d844ed
io.smallrye.common:smallrye-common-constraint:2.20.0	smallrye-common-constraint-2.20.0.jar	4469ff38d29e5c93b0af1f0e17d794c0ea91382aabaf796fc0e251f3a0bab3a3
io.smallrye.common:smallrye-common-expression:2.20.0	smallrye-common-expression-2.20.0.jar	04d62cdc531bdaa2d0eb2d8901e85c7dd69f2c68c5cb8e641407436334ae423a
io.smallrye.common:smallrye-common-function:2.20.0	smallrye-common-function-2.20.0.jar	55d4eaf7d9c914787e40db5ed7d19ff34fe52fe45e217b428c32103aaa142442
io.smallrye.config:smallrye-config-common:3.18.3	smallrye-config-common-3.18.3.jar	1570ecc219ac4d632232f290938dd9df0628c37a005a0a7fa52b2deae2d09339
io.smallrye.config:smallrye-config-core:3.18.3	smallrye-config-core-3.18.3.jar	bbc3302aeba08bc0e8934466a794526080cc51d699d32b497af8c2be85aed5de
io.smallrye.config:smallrye-config-microprofile:3.18.3	smallrye-config-microprofile-3.18.3.jar	0aa1743808f3f18dd1d9d4e376e53cf13be0586a0f562269844d4b91304159ae
io.smallrye.config:smallrye-config:3.18.3	smallrye-config-3.18.3.jar	5e139ce175ba6b4b01f50cab1026d632ade10725828ebed0b83f7468a21bd89f
io.smallrye:smallrye-metrics:5.1.0	smallrye-metrics-5.1.0.jar	a84ad58cce2e4d6f2e913f5908bcd7c3123524570fbb31efcc569fa3dee27dc0
jakarta.annotation:jakarta.annotation-api:3.0.0	jakarta.annotation-api-3.0.0.jar	b01f55552284cfb149411e64eabca75e942d26d2e1786b32914250e4330afaa2
jakarta.el:jakarta.el-api:6.0.1	jakarta.el-api-6.0.1.jar	7e84b5bed49de32b79cc5e85d90b6f5adb1a953ac67283adbb41c1e297f9c605
jakarta.enterprise:jakarta.enterprise.cdi-api:4.1.0	jakarta.enterprise.cdi-api-4.1.0.jar	c42c808f17925129a0800f618febe050d966e181a4c7384c8a5e7a0283d68699
jakarta.enterprise:jakarta.enterprise.cdi-el-api:4.1.0	jakarta.enterprise.cdi-el-api-4.1.0.jar	e414c05d2434386387914e38c7419fa77d163cbbd1e5b0fb2b480f26a63b6d77
jakarta.enterprise:jakarta.enterprise.lang-model:4.1.0	jakarta.enterprise.lang-model-4.1.0.jar	bb56f571f60d2862b2387d5468fe8f5540f8094727283ed991f89082708095ee
jakarta.inject:jakarta.inject-api:2.0.1	jakarta.inject-api-2.0.1.jar	f7dc98062fccf14126abb751b64fab12c312566e8cbdc8483598bffcea93af7c
jakarta.interceptor:jakarta.interceptor-api:2.2.0	jakarta.interceptor-api-2.2.0.jar	d240d72b4dd38a2e431c804079810010cb97903678fa5f987fb7434878b04398
jakarta.json.bind:jakarta.json.bind-api:3.0.1	jakarta.json.bind-api-3.0.1.jar	d937f01c12d416f0a615a87cd8251c2bdd45f750244ebe288c4ba6d469db0377
jakarta.json:jakarta.json-api:2.1.3	jakarta.json-api-2.1.3.jar	bc934142805ea1d794f1440563965a3861a2a9fb7414ecd3fe44f26500734414
jakarta.ws.rs:jakarta.ws.rs-api:3.1.0	jakarta.ws.rs-api-3.1.0.jar	6b3b3628b8b4aedda0d24c3354335e985497d8ef3c510b8f3028e920d5b8663d
javax.inject:javax.inject:1	javax.inject-1.jar	91c77044a50c481636c32d916fd89c9118a72195390452c81065080f957de7ff
junit:junit:4.13.2	junit-4.13.2.jar	8e495b634469d64fb8acfa3495a065cbacc8a0fff55ce1e31007be4c16dc57d3
org.apache.commons:commons-lang3:3.19.0	commons-lang3-3.19.0.jar	32733ab4bc90b45b63eb72677d886961003fd4ed113e07b1028f9877cb2ac735
org.apache.groovy:groovy-json:5.0.8	groovy-json-5.0.8.jar	b21d772bc57675e24917c55a0a6ab99e03a9efaeb4106bc7d6ef0143a35b153c
org.apache.groovy:groovy-xml:5.0.8	groovy-xml-5.0.8.jar	91688845e2db9be44f697dcd86f5fe1c4da19f6d896749b8f0e0392788d0d7b9
org.apache.groovy:groovy:5.0.8	groovy-5.0.8.jar	942993eee2a6a8f5fcbc1bc76c1ab18d179d598c9b29c8fc96a0138b162e0fa8
org.apache.httpcomponents:httpclient:4.5.13	httpclient-4.5.13.jar	6fe9026a566c6a5001608cf3fc32196641f6c1e5e1986d1037ccdbd5f31ef743
org.apache.httpcomponents:httpcore:4.4.13	httpcore-4.4.13.jar	e06e89d40943245fcfa39ec537cdbfce3762aecde8f9c597780d2b00c2b43424
org.apache.httpcomponents:httpmime:4.5.13	httpmime-4.5.13.jar	06e754d99245b98dcc2860dcb43d20e737d650da2bf2077a105f68accbd5c5cc
org.apache.maven.resolver:maven-resolver-api:1.4.1	maven-resolver-api-1.4.1.jar	33dc67306cc95da14e5444e8b494d967924abf1d01bae1894676164cbd3f6112
org.apache.maven.resolver:maven-resolver-connector-basic:1.4.1	maven-resolver-connector-basic-1.4.1.jar	f30b788982b7377887d3dcb8560c09cf28cfe1c90b7aa8b1cb73cf22516caf98
org.apache.maven.resolver:maven-resolver-impl:1.4.1	maven-resolver-impl-1.4.1.jar	345507f0c8f54a0d0fc6634b70327ab1ebd027ff85c41f593c111ff4cb65a80e
org.apache.maven.resolver:maven-resolver-spi:1.4.1	maven-resolver-spi-1.4.1.jar	878a03db532fc9e3e80a78ad68bba2c6a1f435b449ebd0ef9dcbf6ef39bba536
org.apache.maven.resolver:maven-resolver-transport-wagon:1.4.1	maven-resolver-transport-wagon-1.4.1.jar	f9d1111cc22ba12dfa30f65a76a2ba632335f0bc651447d9c266c2f0d1f51e3f
org.apache.maven.resolver:maven-resolver-util:1.4.1	maven-resolver-util-1.4.1.jar	6b2184872fa7cc2ef5a90481b56af9711c15b371e69ab52f0f31bf24e910dd82
org.apache.maven.wagon:wagon-file:3.3.4	wagon-file-3.3.4.jar	f14cddc38329d91c4ea8e66054501887387f307b6338ce59ef169dfd27e7cccb
org.apache.maven.wagon:wagon-http-lightweight:2.12	wagon-http-lightweight-2.12.jar	47264ec65980b306848a0a8bce8c0979e3d4cc21d29327ec8f00fb1aba3422f1
org.apache.maven.wagon:wagon-http-shared:2.12	wagon-http-shared-2.12.jar	74de6559a9d60da288fca6fe8c1f1f457652c9ca769c3dc64e997d7f5c35e917
org.apache.maven.wagon:wagon-provider-api:3.3.4	wagon-provider-api-3.3.4.jar	8521c934d41c5724a96aa44b62d32fce788f12739aa0bda2482d344af9123366
org.apache.maven:maven-artifact:3.6.3	maven-artifact-3.6.3.jar	61b20da4e1e3db837630d0810a6a7a5ac9fb7ea31b0a55638062aad6e479c09c
org.apache.maven:maven-builder-support:3.6.3	maven-builder-support-3.6.3.jar	3285308ea243a9967785417af5e21ae0c094099b20dfb0b7e1c3d211a87a5e59
org.apache.maven:maven-model-builder:3.6.3	maven-model-builder-3.6.3.jar	7d9a508edae881054fdb6ad530a5e053a0689ab1318bf7a099016e758b8323ba
org.apache.maven:maven-model:3.6.3	maven-model-3.6.3.jar	17cef1f58e146ef0d7d9e96b3b92d98a1d6fd7d2b3288ba538e8ff1e0d9160cf
org.apache.maven:maven-repository-metadata:3.6.3	maven-repository-metadata-3.6.3.jar	2e7f850b20664a151e6ca73dd3af34e639901435c2fe717717e3cbc7ddead3d4
org.apache.maven:maven-resolver-provider:3.6.3	maven-resolver-provider-3.6.3.jar	2379a5cf0b13ae9e11535c2c34a31b57c3866d9cbb7e116b81f9e288d1823702
org.apache.maven:maven-settings-builder:3.6.3	maven-settings-builder-3.6.3.jar	ba611bdc73b691a73b704443bcd7606f625f06cb79588968e101271acbfa0b15
org.apache.maven:maven-settings:3.6.3	maven-settings-3.6.3.jar	d3904bcac30f11fb49e44f5cecaaebb2e9a7a5e4a9a55f20484fbb9fcc1bb66c
org.ccil.cowan.tagsoup:tagsoup:1.2.1	tagsoup-1.2.1.jar	ac97f7b4b1d8e9337edfa0e34044f8d0efe7223f6ad8f3a85d54cc1018ea2e04
org.checkerframework:checker-qual:3.55.1	checker-qual-3.55.1.jar	857658c8bdcbff794949a8d9922f88d63ee3751c203c7cd7d21ea97f9e745288
org.codehaus.plexus:plexus-interpolation:1.25	plexus-interpolation-1.25.jar	e003802501574637f7abdc4e83e6d509a31e9ff825d12da6d1e419acf9688705
org.codehaus.plexus:plexus-utils:3.2.1	plexus-utils-3.2.1.jar	8d07b497bb8deb167ee5329cae87ef2043833bf52e4f15a5a9379cec447a5b2b
org.eclipse.microprofile.config:microprofile-config-api:3.1.1	microprofile-config-api-3.1.1.jar	0d4eaa7e17730e153b1e0613104a989af7d7a0d4ba4d19c84c71862bff993773
org.eclipse.microprofile.metrics:microprofile-metrics-api:5.1.2	microprofile-metrics-api-5.1.2.jar	864150fea257826a1f6a26274e84972d4308815dc3f33e6247da821ecefd8afe
org.eclipse.microprofile.metrics:microprofile-metrics-rest-tck:5.1.2	microprofile-metrics-rest-tck-5.1.2.jar	ce27594ff9e767491a40c0ed605dc193e31e8387dec848de30563c9aabf1b623
org.eclipse.parsson:parsson:1.1.7	parsson-1.1.7.jar	c21db018f8ac6cf79893f1af77f1cd337937bd12ae6fa3d4b10f5a00819ee56c
org.eclipse.sisu:org.eclipse.sisu.inject:0.3.4	org.eclipse.sisu.inject-0.3.4.jar	8c0e6aa7f35593016f2c5e78b604b57f023cdaca3561fe2fe36f2b5dbbae1d16
org.eclipse:yasson:3.0.4	yasson-3.0.4.jar	f658285f9e3e1a3999e2ea92695fc33892b258305d2adafb72985e81452ddd07
org.hamcrest:hamcrest-core:1.3	hamcrest-core-1.3.jar	66fdef91e9739348df7a096aa384a5685f4e875584cce89386a7a47251c4d8e9
org.hamcrest:hamcrest:2.2	hamcrest-2.2.jar	5e62846a89f05cd78cd9c1a553f340d002458380c320455dd1f8fc5497a8a1c1
org.hdrhistogram:HdrHistogram:2.1.12	HdrHistogram-2.1.12.jar	9b47fbae444feaac4b7e04f0ea294569e4bc282bc69d8c2ce2ac3f23577281e2
org.jboss.arquillian.config:arquillian-config-api:1.9.1.Final	arquillian-config-api-1.9.1.Final.jar	b8923a01d5ec70ad0ce1b6d96133cc24eb80a86e345219b1daa42f7be64e5531
org.jboss.arquillian.config:arquillian-config-impl-base:1.9.1.Final	arquillian-config-impl-base-1.9.1.Final.jar	7e41ce1039339ec8c222e9fe46bdd31eac1335ab21a52ea6133da45b1b21861f
org.jboss.arquillian.config:arquillian-config-spi:1.9.1.Final	arquillian-config-spi-1.9.1.Final.jar	c8d9e0c2d62615a8fc8dad3cb33f8683d450479a9977d20c6e30f62ab7cdd7a0
org.jboss.arquillian.container:arquillian-container-impl-base:1.9.1.Final	arquillian-container-impl-base-1.9.1.Final.jar	c67f8f5c79c48102cbc46843b3ecf1d28756fed13b951da22b803b54f41ed8fd
org.jboss.arquillian.container:arquillian-container-spi:1.9.1.Final	arquillian-container-spi-1.9.1.Final.jar	5f47c009eabcdea7f0fec9809705f4c5763d9061f20287ba858a142deaf75f31
org.jboss.arquillian.container:arquillian-container-test-api:1.9.1.Final	arquillian-container-test-api-1.9.1.Final.jar	8b82b9fb9cba9f7c43305f3495844915136e87d625b12d5df04c3994d39195d8
org.jboss.arquillian.container:arquillian-container-test-impl-base:1.9.1.Final	arquillian-container-test-impl-base-1.9.1.Final.jar	6611c3d5e274b1fea611b3b84615034c62bc07ab6046286fedd98eeb5fe5b6b2
org.jboss.arquillian.container:arquillian-container-test-spi:1.9.1.Final	arquillian-container-test-spi-1.9.1.Final.jar	a35b3d3b081fbd9f2c2905ed717c6ea394aea40ec176208f1708abc7934bc4b7
org.jboss.arquillian.core:arquillian-core-api:1.9.1.Final	arquillian-core-api-1.9.1.Final.jar	f10ff0b70cf591c2594d40ab472fb7a5ecbe5b57b1e2a4b15cfc9f9035a3dbdd
org.jboss.arquillian.core:arquillian-core-impl-base:1.9.1.Final	arquillian-core-impl-base-1.9.1.Final.jar	8137d5884147e57870e3e7090b9d6ff7761c6b043089f3a7ab0cdd7943a03577
org.jboss.arquillian.core:arquillian-core-spi:1.9.1.Final	arquillian-core-spi-1.9.1.Final.jar	a00a8bf1040ce37fa64f0712b710ba17373b39df98eb8954e40e2caff32de8ee
org.jboss.arquillian.junit:arquillian-junit-container:1.9.1.Final	arquillian-junit-container-1.9.1.Final.jar	5cb51e39b136a2dd33f222ade830c74d183f5a40ce4847480319c39576351d2c
org.jboss.arquillian.junit:arquillian-junit-core:1.9.1.Final	arquillian-junit-core-1.9.1.Final.jar	cf8ef416a06de9c49b914fe5e9530046bc3229082a4b85ca6b7a2d68f9468f72
org.jboss.arquillian.test:arquillian-test-api:1.9.1.Final	arquillian-test-api-1.9.1.Final.jar	84a024aaf0ebb809d0a9dbec1592fe996fbae2e5fa1ea692996ef96d68f0d4ea
org.jboss.arquillian.test:arquillian-test-impl-base:1.9.1.Final	arquillian-test-impl-base-1.9.1.Final.jar	959783efe5bf50e11688aa3b9012bb70768eeed2f341e5ef77326ba5bc5fdfbb
org.jboss.arquillian.test:arquillian-test-spi:1.9.1.Final	arquillian-test-spi-1.9.1.Final.jar	b71e7ace77d555eeba6e418e69f4fc7e80de22195ea72c379f212740beff3c59
org.jboss.arquillian.testng:arquillian-testng-container:1.9.1.Final	arquillian-testng-container-1.9.1.Final.jar	6c82542c8cc0f28b365c4d8d78571c2607fcef0566ee95162e21f7314fdcdbe6
org.jboss.arquillian.testng:arquillian-testng-core:1.9.1.Final	arquillian-testng-core-1.9.1.Final.jar	866eb554609c8d9b0a70582e2ff1c40c5318fcac3425f324f5f8d96469daa2eb
org.jboss.classfilewriter:jboss-classfilewriter:1.3.1.Final	jboss-classfilewriter-1.3.1.Final.jar	e2dfa7ed7124e055b13aad0b578b8153ea953edc74ca8acfcc41f9e468980731
org.jboss.jdeparser:jdeparser:2.0.3.Final	jdeparser-2.0.3.Final.jar	aec3ed49b47cb7531e2f88c603eecdc5f5b46ae976d72624162d23ee7fca3803
org.jboss.logging:jboss-logging-annotations:3.0.4.Final	jboss-logging-annotations-3.0.4.Final.jar	16bb023044398307eb85c18271131c57ddebf7fb053f0490fdb253e5b84ddfb2
org.jboss.logging:jboss-logging-processor:3.0.4.Final	jboss-logging-processor-3.0.4.Final.jar	27eb5f1cc9522e619cd5d29d0b7aac016019be653e07da22ead7832e76cd9354
org.jboss.logging:jboss-logging:3.6.1.Final	jboss-logging-3.6.1.Final.jar	5e08a4b092dc85b337f0910a740571d8720cfa565fabd880a8caf94a657ca416
org.jboss.shrinkwrap.descriptors:shrinkwrap-descriptors-api-base:2.0.0	shrinkwrap-descriptors-api-base-2.0.0.jar	9df16f7da71188ccd1646c5d7e0f757ead35394ac6192d05cf1b22e4d04b901b
org.jboss.shrinkwrap.descriptors:shrinkwrap-descriptors-api-javaee:2.0.0	shrinkwrap-descriptors-api-javaee-2.0.0.jar	853e0b307ac0645566b27541998bb3cc3fea7635983b2f2184edac3a76c7788b
org.jboss.shrinkwrap.descriptors:shrinkwrap-descriptors-impl-base:2.0.0	shrinkwrap-descriptors-impl-base-2.0.0.jar	6f399a84847dbc8aa59deb4a140752137553ee83a8a01ec3d9c9394e6334ab3b
org.jboss.shrinkwrap.descriptors:shrinkwrap-descriptors-impl-javaee:2.0.0	shrinkwrap-descriptors-impl-javaee-2.0.0.jar	925022773290907e3a063ec28d04e637ca00473da29bb3bb3f2390d315218c3d
org.jboss.shrinkwrap.descriptors:shrinkwrap-descriptors-spi:2.0.0	shrinkwrap-descriptors-spi-2.0.0.jar	2171060298bca314c9b7629c89e065bbd5c911a6069bf1d12323280128574e87
org.jboss.shrinkwrap.resolver:shrinkwrap-resolver-api-maven:3.1.4	shrinkwrap-resolver-api-maven-3.1.4.jar	040bcdbf9e10cffa712c44ac40b4f71d789ccd864a9ee787f1217ef1dc685bb6
org.jboss.shrinkwrap.resolver:shrinkwrap-resolver-api:3.1.4	shrinkwrap-resolver-api-3.1.4.jar	d57d38433c5953bd8692d2754f14b4a569668c5f98080daf34f62b7f5a89b8f1
org.jboss.shrinkwrap.resolver:shrinkwrap-resolver-impl-maven:3.1.4	shrinkwrap-resolver-impl-maven-3.1.4.jar	77817af257cf4e0bd28739c870fdbb9d196db647a1a605779169fcc069e3857b
org.jboss.shrinkwrap.resolver:shrinkwrap-resolver-spi-maven:3.1.4	shrinkwrap-resolver-spi-maven-3.1.4.jar	4c84507339f20641d35ff14f30f984faceb942288fb3cdeff2d4750d69edb95d
org.jboss.shrinkwrap.resolver:shrinkwrap-resolver-spi:3.1.4	shrinkwrap-resolver-spi-3.1.4.jar	2b86082f08058c77a360ab2c1182224290cb59cbf60583234729b00aaa691aaa
org.jboss.shrinkwrap:shrinkwrap-api:1.2.6	shrinkwrap-api-1.2.6.jar	84895690e1ae4d988693ff18acd069141602a5c869aaca19b2d027291f8f0bdd
org.jboss.shrinkwrap:shrinkwrap-impl-base:1.2.6	shrinkwrap-impl-base-1.2.6.jar	7b92757d599d4f21efd70182981efdc193d66b03312a5d293ed6ab10de646ae2
org.jboss.shrinkwrap:shrinkwrap-spi:1.2.6	shrinkwrap-spi-1.2.6.jar	c0e674c1461e18cfa3c24789fb4420476962e2f0e379d1b4bfe8f72bc99d1348
org.jboss.weld.environment:weld-environment-common:6.0.4.Final	weld-environment-common-6.0.4.Final.jar	783cb7a2c1b61b9f2ba890c8add44300ab8151cd0ca3faeab5ba8a6589c5f889
org.jboss.weld.se:weld-se-core:6.0.4.Final	weld-se-core-6.0.4.Final.jar	66f3c737f1ef52250eeaa0640e7fd1aecd3e904cd15ac1bb3ef26f25673847ad
org.jboss.weld:weld-api:6.0.Final	weld-api-6.0.Final.jar	aba82109aafec7d6c3846049536a89bf77afbbe61bf96eb039321ca3f92fa7be
org.jboss.weld:weld-core-impl:6.0.4.Final	weld-core-impl-6.0.4.Final.jar	e322097d319bda685cc3adacf122d89348561e6212a250603b893bc6e23f5711
org.jboss.weld:weld-lite-extension-translator:6.0.4.Final	weld-lite-extension-translator-6.0.4.Final.jar	e3b863719b82192178af76b2f22bafd8522eaca5be5994b4d8b749831b35393c
org.jboss.weld:weld-spi:6.0.Final	weld-spi-6.0.Final.jar	208638fa4b47694374b484a525319b5dbbe53a4bc399acabc8556774e47ad923
org.jsoup:jsoup:1.7.2	jsoup-1.7.2.jar	bdd2f2b281dae829915fbd1802c09269f7f5add5a886242eaa0d1ae362d329cc
org.jspecify:jspecify:1.0.0	jspecify-1.0.0.jar	1fad6e6be7557781e4d33729d49ae1cdc8fdda6fe477bb0cc68ce351eafdfbab
org.junit.platform:junit-platform-commons:1.14.4	junit-platform-commons-1.14.4.jar	55c8a0c069ac1bc4e1f8bbb26b5eae95cbd10e4ff1b23248441ab61a607381e1
org.junit.platform:junit-platform-engine:1.14.4	junit-platform-engine-1.14.4.jar	3c7f3f84a6747aef0db6bd5fdd2a6c8fe37132e653c939bd67387377af66d91c
org.junit.platform:junit-platform-launcher:1.14.4	junit-platform-launcher-1.14.4.jar	768d62f1b2a523713b702db53609c230af62bbd645fc2c07a7d794df4da32228
org.latencyutils:LatencyUtils:2.0.3	LatencyUtils-2.0.3.jar	a32a9ffa06b2f4e01c5360f8f9df7bc5d9454a5d373cd8f361347fa5a57165ec
org.opentest4j:opentest4j:1.3.0	opentest4j-1.3.0.jar	48e2df636cab6563ced64dcdff8abb2355627cb236ef0bf37598682ddf742f1b
org.osgi:org.osgi.annotation.versioning:1.1.2	org.osgi.annotation.versioning-1.1.2.jar	f51f235e80df8ffbc30ef1b557b6ea38a696632d675404ec117e952978b8b863
org.ow2.asm:asm-analysis:9.10.1	asm-analysis-9.10.1.jar	dede75a21306b65974ecd8f87114ff6970f09fb794157a4ca09ab25c888c2bfc
org.ow2.asm:asm-commons:9.10.1	asm-commons-9.10.1.jar	6d0abefb7cbf972ea16edb37ec14835372505063a45f976ab7ea889ed9497895
org.ow2.asm:asm-tree:9.10.1	asm-tree-9.10.1.jar	3dfb0d5b6a106cd40b5b250e39935fbf2f927f4477546a5369a3ac609cf0506b
org.ow2.asm:asm-util:9.10.1	asm-util-9.10.1.jar	1bb99d091fba2597dc6d51193e9bbcf0d8447e7ed96bd8f0198b18152f09655c
org.ow2.asm:asm:9.10.1	asm-9.10.1.jar	ed825d10ab1399c8c0cb669e688cf0c8c82629b4c8399b58352b68e92ca10fcb
org.reactivestreams:reactive-streams:1.0.4	reactive-streams-1.0.4.jar	f75ca597789b3dac58f61857b9ac2e1034a68fa672db35055a8fb4509e325f28
org.slf4j:slf4j-api:2.0.17	slf4j-api-2.0.17.jar	7b751d952061954d5abfed7181c1f645d336091b679891591d63329c622eb832
org.slf4j:slf4j-simple:2.0.17	slf4j-simple-2.0.17.jar	ddfea59ac074c6d3e24ac2c38622d2d963895e17f70b38ed4bdae4d780be6964
org.sonatype.plexus:plexus-cipher:1.4	plexus-cipher-1.4.jar	5a15fdba22669e0fdd06e10dcce6320879e1f7398fbc910cd0677b50672a78c4
org.sonatype.plexus:plexus-sec-dispatcher:1.4	plexus-sec-dispatcher-1.4.jar	da73e32b58132e64daf12269fd9d011c0b303f234840f179908725a632b6b57c
org.testng:testng:7.10.2	testng-7.10.2.jar	225fd56447f2e5e439db3b483a79cd9f294fad9f357f8352b12ee6a3411ebb15
org.webjars:jquery:3.7.1	jquery-3.7.1.jar	262016dd3a559df87aefbe392804e9bf620787c9204c0ab8522d4c231ea65097
