com.github.javaparser:javaparser-core:3.28.2	javaparser-core-3.28.2.jar	b5499a3b1c40b16c0671fabe478c9aafeab38160c6fde74a6c13f42d86716ecd
com.github.javaparser:javaparser-symbol-solver-core:3.28.2	javaparser-symbol-solver-core-3.28.2.jar	4cb097c0834427939c01f4169dd0bab20068673913341c5b6db27be1a7445098
io.micronaut.cdi:micronaut-cdi-lang-model-ast:1.0.0-SNAPSHOT	micronaut-cdi-lang-model-ast-1.0.0-SNAPSHOT.jar	14426c5536e3f8787c8815345eba571e1fc7f3e294c5ca0ae8e513d7cfa9a7ea
io.micronaut.cdi:micronaut-cdi-metadata:1.0.0-SNAPSHOT	micronaut-cdi-metadata-1.0.0-SNAPSHOT.jar	ceef5bd1340e54e184202644b93b3cbb8bc51621900e291b7fd1091c56c26d52
io.micronaut.cdi:micronaut-cdi-processor:1.0.0-SNAPSHOT	micronaut-cdi-processor-1.0.0-SNAPSHOT.jar	659bbea00fe4d7f780daf66d75fc19f7cae150f546e793e5e74372954cd98da8
io.micronaut.cdi:micronaut-cdi-reflection:1.0.0-SNAPSHOT	micronaut-cdi-reflection-1.0.0-SNAPSHOT.jar	e6a09ae87f6440ecfaa7c293f3c86f3919af27076ddf34a84e11add5c68bb391
io.micronaut.cdi:micronaut-cdi:1.0.0-SNAPSHOT	micronaut-cdi-1.0.0-SNAPSHOT.jar	be52ccb5446814d5927ba4383ca2ca9117c5d5b4d1fe3b6ca7d2f13c63a6b8a6
io.micronaut.interceptor:micronaut-jakarta-interceptors-metadata:1.0.0-SNAPSHOT	micronaut-jakarta-interceptors-metadata-1.0.0-SNAPSHOT.jar	fd4612f2ac7363a7e15c1064ce37015668efbbf3262f53b808e85c6b0ba87bc9
io.micronaut.interceptor:micronaut-jakarta-interceptors-processor:1.0.0-SNAPSHOT	micronaut-jakarta-interceptors-processor-1.0.0-SNAPSHOT.jar	4e27bd030e0b05b57e4de5d44e896b17c2f7653bddebc73053599a052425d5ef
io.micronaut.interceptor:micronaut-jakarta-interceptors:1.0.0-SNAPSHOT	micronaut-jakarta-interceptors-1.0.0-SNAPSHOT.jar	e828a7f28a205b0f0112251c63cccd0b7eddeba7e3907a714439122e825c5218
io.micronaut.sourcegen:micronaut-sourcegen-bytecode-writer:2.1.0	micronaut-sourcegen-bytecode-writer-2.1.0.jar	bf691a3e6bf6c56fe9ae9ab3fbd3a9f5c8da06a60253cf198a6249dcbd066b4a
io.micronaut.sourcegen:micronaut-sourcegen-model:2.1.0	micronaut-sourcegen-model-2.1.0.jar	00c7bd1fece8676a64872a6d45b837e37519a2bd2e5b5734c9de7c0333bd0984
io.micronaut:micronaut-aop:5.3.0-SNAPSHOT	micronaut-aop-5.3.0-SNAPSHOT.jar	b2f37116272223e5ec1d753bb4dac75047e3eccb67917535fccaead5b530f773
io.micronaut:micronaut-context:5.3.0-SNAPSHOT	micronaut-context-5.3.0-SNAPSHOT.jar	80e0a630e6f6b0b39724bb6585f10e6176188af8ccd496f38998605835144215
io.micronaut:micronaut-core-processor:5.3.0-SNAPSHOT	micronaut-core-processor-5.3.0-SNAPSHOT.jar	1132c6498b6efeb52db7f9f845aaf0ba12b15659c9aec18b6a9cc2973bd70b27
io.micronaut:micronaut-core-reactive:5.3.0-SNAPSHOT	micronaut-core-reactive-5.3.0-SNAPSHOT.jar	821b926e2f6f3d6216ac09b7da0645535f4a55c9720e630996012c945748fcaa
io.micronaut:micronaut-core:5.3.0-SNAPSHOT	micronaut-core-5.3.0-SNAPSHOT.jar	287d48750f6349b2bae1d20801fcf2602c3394000e10488f1c9fb0b88f9cf131
io.micronaut:micronaut-inject-java:5.3.0-SNAPSHOT	micronaut-inject-java-5.3.0-SNAPSHOT.jar	7588c28bc3cdc2023365e6170e1afe380266cfa4365038be3c96395552b26f79
io.micronaut:micronaut-inject:5.3.0-SNAPSHOT	micronaut-inject-5.3.0-SNAPSHOT.jar	b479e76e5548293dad5b3646a2d9fe9eb1ef276d98c7969abc8791b2c2b0397f
io.micronaut:micronaut-reflection:5.3.0-SNAPSHOT	micronaut-reflection-5.3.0-SNAPSHOT.jar	558a88262cfd9599530f313ac4068f695f51cf9a3325e3e6c0e065c24ddd9dc1
jakarta.annotation:jakarta.annotation-api:3.0.0	jakarta.annotation-api-3.0.0.jar	b01f55552284cfb149411e64eabca75e942d26d2e1786b32914250e4330afaa2
jakarta.el:jakarta.el-api:6.0.0	jakarta.el-api-6.0.0.jar	f33d0becf2d5516730ba5cc99a7b5a2b1f62986bf0a3370249cdff9a2f171507
jakarta.el:jakarta.el-api:6.0.1	jakarta.el-api-6.0.1.jar	7e84b5bed49de32b79cc5e85d90b6f5adb1a953ac67283adbb41c1e297f9c605
jakarta.enterprise:jakarta.enterprise.cdi-api:4.1.0	jakarta.enterprise.cdi-api-4.1.0.jar	c42c808f17925129a0800f618febe050d966e181a4c7384c8a5e7a0283d68699
jakarta.enterprise:jakarta.enterprise.cdi-el-api:4.1.0	jakarta.enterprise.cdi-el-api-4.1.0.jar	e414c05d2434386387914e38c7419fa77d163cbbd1e5b0fb2b480f26a63b6d77
jakarta.enterprise:jakarta.enterprise.lang-model:4.1.0	jakarta.enterprise.lang-model-4.1.0.jar	bb56f571f60d2862b2387d5468fe8f5540f8094727283ed991f89082708095ee
jakarta.inject:jakarta.inject-api:2.0.1	jakarta.inject-api-2.0.1.jar	f7dc98062fccf14126abb751b64fab12c312566e8cbdc8483598bffcea93af7c
jakarta.interceptor:jakarta.interceptor-api:2.2.0	jakarta.interceptor-api-2.2.0.jar	d240d72b4dd38a2e431c804079810010cb97903678fa5f987fb7434878b04398
org.checkerframework:checker-qual:3.55.1	checker-qual-3.55.1.jar	857658c8bdcbff794949a8d9922f88d63ee3751c203c7cd7d21ea97f9e745288
org.jboss.classfilewriter:jboss-classfilewriter:1.3.1.Final	jboss-classfilewriter-1.3.1.Final.jar	e2dfa7ed7124e055b13aad0b578b8153ea953edc74ca8acfcc41f9e468980731
org.jboss.jdeparser:jdeparser:2.0.3.Final	jdeparser-2.0.3.Final.jar	aec3ed49b47cb7531e2f88c603eecdc5f5b46ae976d72624162d23ee7fca3803
org.jboss.logging:jboss-logging-annotations:3.0.4.Final	jboss-logging-annotations-3.0.4.Final.jar	16bb023044398307eb85c18271131c57ddebf7fb053f0490fdb253e5b84ddfb2
org.jboss.logging:jboss-logging-processor:3.0.4.Final	jboss-logging-processor-3.0.4.Final.jar	27eb5f1cc9522e619cd5d29d0b7aac016019be653e07da22ead7832e76cd9354
org.jboss.logging:jboss-logging:3.6.1.Final	jboss-logging-3.6.1.Final.jar	5e08a4b092dc85b337f0910a740571d8720cfa565fabd880a8caf94a657ca416
org.jboss.weld.environment:weld-environment-common:6.0.4.Final	weld-environment-common-6.0.4.Final.jar	783cb7a2c1b61b9f2ba890c8add44300ab8151cd0ca3faeab5ba8a6589c5f889
org.jboss.weld.se:weld-se-core:6.0.4.Final	weld-se-core-6.0.4.Final.jar	66f3c737f1ef52250eeaa0640e7fd1aecd3e904cd15ac1bb3ef26f25673847ad
org.jboss.weld:weld-api:6.0.Final	weld-api-6.0.Final.jar	aba82109aafec7d6c3846049536a89bf77afbbe61bf96eb039321ca3f92fa7be
org.jboss.weld:weld-core-impl:6.0.4.Final	weld-core-impl-6.0.4.Final.jar	e322097d319bda685cc3adacf122d89348561e6212a250603b893bc6e23f5711
org.jboss.weld:weld-lite-extension-translator:6.0.4.Final	weld-lite-extension-translator-6.0.4.Final.jar	e3b863719b82192178af76b2f22bafd8522eaca5be5994b4d8b749831b35393c
org.jboss.weld:weld-spi:6.0.Final	weld-spi-6.0.Final.jar	208638fa4b47694374b484a525319b5dbbe53a4bc399acabc8556774e47ad923
org.jspecify:jspecify:1.0.0	jspecify-1.0.0.jar	1fad6e6be7557781e4d33729d49ae1cdc8fdda6fe477bb0cc68ce351eafdfbab
org.junit.jupiter:junit-jupiter-api:5.14.4	junit-jupiter-api-5.14.4.jar	aa1ae085fd92dfdbf85d867e60e59adc599bac183b46fc7e0698198bf426ad3f
org.junit.jupiter:junit-jupiter-engine:5.14.4	junit-jupiter-engine-5.14.4.jar	e1e35cf651ae1635638d431ea4412d5c65938be54150444f07ba659586042b11
org.junit.jupiter:junit-jupiter-params:5.14.4	junit-jupiter-params-5.14.4.jar	28f2a8dab5b9d259b18fa6b0ba5a6f302cbc70dd875f42032ea9e3afea09a870
org.junit.jupiter:junit-jupiter:5.14.4	junit-jupiter-5.14.4.jar	a573c9a99af73e1889d1d3ed7e12067c85cff6a821b96a1916e5ccccc375ae58
org.junit.platform:junit-platform-commons:1.14.4	junit-platform-commons-1.14.4.jar	55c8a0c069ac1bc4e1f8bbb26b5eae95cbd10e4ff1b23248441ab61a607381e1
org.junit.platform:junit-platform-engine:1.14.4	junit-platform-engine-1.14.4.jar	3c7f3f84a6747aef0db6bd5fdd2a6c8fe37132e653c939bd67387377af66d91c
org.junit.platform:junit-platform-launcher:1.14.4	junit-platform-launcher-1.14.4.jar	768d62f1b2a523713b702db53609c230af62bbd645fc2c07a7d794df4da32228
org.opentest4j:opentest4j:1.3.0	opentest4j-1.3.0.jar	48e2df636cab6563ced64dcdff8abb2355627cb236ef0bf37598682ddf742f1b
org.ow2.asm:asm-analysis:9.10.1	asm-analysis-9.10.1.jar	dede75a21306b65974ecd8f87114ff6970f09fb794157a4ca09ab25c888c2bfc
org.ow2.asm:asm-commons:9.10.1	asm-commons-9.10.1.jar	6d0abefb7cbf972ea16edb37ec14835372505063a45f976ab7ea889ed9497895
org.ow2.asm:asm-tree:9.10.1	asm-tree-9.10.1.jar	3dfb0d5b6a106cd40b5b250e39935fbf2f927f4477546a5369a3ac609cf0506b
org.ow2.asm:asm-util:9.10.1	asm-util-9.10.1.jar	1bb99d091fba2597dc6d51193e9bbcf0d8447e7ed96bd8f0198b18152f09655c
org.ow2.asm:asm:9.10.1	asm-9.10.1.jar	ed825d10ab1399c8c0cb669e688cf0c8c82629b4c8399b58352b68e92ca10fcb
org.reactivestreams:reactive-streams:1.0.4	reactive-streams-1.0.4.jar	f75ca597789b3dac58f61857b9ac2e1034a68fa672db35055a8fb4509e325f28
org.slf4j:slf4j-api:2.0.17	slf4j-api-2.0.17.jar	7b751d952061954d5abfed7181c1f645d336091b679891591d63329c622eb832
